"","id","c_prt","e_prt","m_prt","o_prt","r_prt","t_prt","f_prt","c_chi","o_chi","t_chi","m_chi","e_chi","r_chi","ac_prt","at_prt","ch_prt","co_prt","em_prt","ex_prt","ha_prt","rf_prt","sp_prt","cl_prt","ge_prt","if_prt","st_prt","ch_chi","ex_chi","rf_chi","em_chi","if_chi","sp_chi","co_chi","ac_chi","at_chi","cl_chi","st_chi","ha_chi","check","i_chi","i_prt","chi_totalq","prt_totalq","chinese","f_chi","ses","hh_ses","mom_usr","momed","dad_usr","daded","sch_yr","sch_day","sch_td","sch_hr","ch.instruction","min_incnew","max_incnew","gov_spt","prelas_score1","prelas_level1","prelas_score2","prelas_level2","prelas_score3","prelas_level3","y1_read","dob","birthyear","birthmonth","birthdate","childsex","wjdateo","kidageoy","kidageay","y1oeos","y1rdos","y1mhos","y1lwos","y1sros","y1spos","y1apos","y1waos","y1pvos","y1qcos","y1lwr","y1srr","y1spr","y1apr","y1war","y1pvr","y1qcr","y1oew","y1rdw","y1mhw","y1lww","y1srw","y1spw","y1apw","y1waw","y1pvw","y1qcw","testmonth","testdate","testyear","diffmonth","diffdate","diffyear","diffmonth_yearinc","diffdate_minus","diffmonth_yeardateinc","age_months","duration_min","o_prt_min","c_prt_min","r_prt_min","m_prt_min","t_prt_min","f_prt_min","e_prt_min","i_prt_min","rf_prt_min","if_prt_min","ch_prt_min","ex_prt_min","st_prt_min","ge_prt_min","sp_prt_min","ha_prt_min","at_prt_min","em_prt_min","co_prt_min","ac_prt_min","cl_prt_min","is_prt","pd_prt","is_prt_min","pd_prt_min","ix_prt","ix_prt_min","o_prt_pct","c_prt_pct","r_prt_pct","m_prt_pct","t_prt_pct","f_prt_pct","e_prt_pct","i_prt_pct","rf_prt_pct","if_prt_pct","ch_prt_pct","ex_prt_pct","st_prt_pct","ge_prt_pct","sp_prt_pct","ha_prt_pct","at_prt_pct","em_prt_pct","co_prt_pct","ac_prt_pct","cl_prt_pct","is_prt_pct","pd_prt_pct","ix_prt_pct","o_chi_min","c_chi_min","r_chi_min","m_chi_min","t_chi_min","f_chi_min","e_chi_min","i_chi_min","ge_chi","rf_chi_min","if_chi_min","ch_chi_min","ex_chi_min","st_chi_min","ge_chi_min","sp_chi_min","ha_chi_min","at_chi_min","em_chi_min","co_chi_min","ac_chi_min","cl_chi_min","is_chi","pd_chi","ix_chi","is_chi_min","pd_chi_min","ix_chi_min","o_chi_pct","c_chi_pct","r_chi_pct","m_chi_pct","t_chi_pct","f_chi_pct","e_chi_pct","i_chi_pct","rf_chi_pct","if_chi_pct","ch_chi_pct","ex_chi_pct","st_chi_pct","ge_chi_pct","sp_chi_pct","ha_chi_pct","at_chi_pct","em_chi_pct","co_chi_pct","ac_chi_pct","cl_chi_pct","is_chi_pct","pd_chi_pct","ix_chi_pct","y2wjdateo","y2kidageoy","y2kidageay","y2oeos","y2rdos","y2mhos","y2asos","y2lwos","y2sros","y2test3t","y2imqt","y2usey1t","y2clos","y2spos","y2apos","y2wsos","y2waos","y2pvos","y2rvos","y2qcos","y2clajs","y2lwr","y2srr","y2clr","y2spr","y2apr","y2war","y2pvr","y2oew","y2rdw","y2mhw","y2asw","y2lww","y2srw","y2clw","y2spw","y2apw","y2wsw","y2waw","y2pvw","y2rvw","y2qcw","y2id","y2testmonth","y2testdate","y2testyear","y2diffmonth","y2diffdate","y2diffdate_minus","y2diffyear","y2age_months","prt_totalq_min","ph_prt","ph_prt_pct","ph_prt_min","momed_years","daded_years"
"1",1124014,36,3,10,22,20,1,0,6,2,0,0,0,0,15,2,5,16,5,2,3,34,6,3,0,1,0,0,0,3,0,0,0,0,1,1,0,3,0,NA,0,0,8,92,1,0,1,66,10,7,"10",7,0.5,4,"3",12,0,125000,174998,0,70,3,NA,NA,NA,NA,3,"2004/1/14",2004,1,14,1,"12/05/2008",4,NA,94,114,114,112,94,122,109,NA,95,119,12,NA,13,16,2,13,NA,471,376,433,354,482,420,423,398,460,443,12,5,2008,11,-9,4,59,-1,58,58,9.8,2.24489795918367,3.6734693877551,2.04081632653061,1.02040816326531,0.102040816326531,0,0.306122448979592,0,3.46938775510204,0.102040816326531,0.510204081632653,0.204081632653061,0,0,0.612244897959184,0.306122448979592,0.204081632653061,0.510204081632653,1.63265306122449,1.63265306122449,1.63265306122449,35,6,3.57142857142857,0.612244897959184,37,3.77551020408163,0.239130434782609,0.391304347826087,0.217391304347826,0.108695652173913,0.0108695652173913,0,0.0326086956521739,0,0.369565217391304,0.0108695652173913,0.0543478260869565,0.0217391304347826,0,0,0.0652173913043478,0.0326086956521739,0.0217391304347826,0.0543478260869565,0.173913043478261,0.16304347826087,0.0326086956521739,0.380434782608696,0.0652173913043478,0.402173913043478,0.204081632653061,0.612244897959184,0,0,0,0,0,0,0,0.306122448979592,0,0,0,0.306122448979592,0,0,0,0.102040816326531,0,0,0,0,3,0,3,0.306122448979592,0,0.306122448979592,0.25,0.75,0,0,0,0,0,0,0.375,0,0,0,0.375,0,0,0,0.125,0,0,0.125,0,0.375,0,0.375,"10/24/2009",5,NA,101,100,110,109,100,130,NA,NA,NA,NA,103,104,98,99,96,NA,118,NA,13,NA,7,12,19,2,15,485,378,447,409,359,502,456,412,436,449,398,467,439,458,1125014,10,24,2009,9,10,0,5,69,9.38775510204082,9,0.0978260869565217,0.918367346938775,18,18
"2",1124016,32,0,2,36,23,1,1,5,1,0,1,0,0,7,0,12,3,3,8,3,38,20,0,1,0,0,0,0,6,0,0,0,1,0,0,0,0,0,NA,0,0,7,95,1,0,1,63.5,6,7,"18",7,0.5,5,"9",45,0,150000,199998,0,55,1,87,4,NA,NA,2,"2002/10/31",2002,10,31,1,"07/21/2007",4,NA,98,121,123,124,96,120,125,NA,99,119,15,NA,12,20,2,14,NA,473,384,440,369,482,412,440,398,464,440,7,21,2007,-3,-10,5,57,-1,56,56,10,3.6,3.2,2.3,0.2,0.1,0.1,0,0,3.8,0,1.2,0.8,0,0.1,2,0.3,0,0.3,0.3,0.3,0.3,38,21,3.8,2.1,46,4.6,0.378947368421053,0.336842105263158,0.242105263157895,0.0210526315789474,0.0105263157894737,0.0105263157894737,0,0,0.4,0,0.126315789473684,0.0842105263157895,0,0.0105263157894737,0.210526315789474,0.0315789473684211,0,0.0315789473684211,0.0315789473684211,0.0736842105263158,0,0.4,0.221052631578947,0.484210526315789,0.1,0.5,0,0.1,0,0,0,0,0,0.6,0,0,0,0,0,0,0,0,0,0.1,0.1,0.1,6,0,6,0.6,0,0.6,0.142857142857143,0.714285714285714,0,0.142857142857143,0,0,0,0,0.857142857142857,0,0,0,0,0,0,0,0,0,0.142857142857143,0,0,0.857142857142857,0,0.857142857142857,"10/18/2008",6,5,99,125,118,124,115,119,NA,NA,NA,137,116,112,131,132,92,NA,127,NA,22,NA,10,16,22,8,14,481,434,459,436,400,498,472,437,449,483,468,464,439,470,1125016,10,18,2008,0,-13,-1,6,71,9.5,24,0.252631578947368,2.4,18,18
"3",1124017,20,5,3,19,2,0,0,4,2,1,1,0,0,0,0,6,5,5,2,2,21,3,1,3,1,0,2,2,3,0,0,0,1,0,0,0,0,0,NA,0,0,8,49,1,0,1,66,9,7,"9",7,0,0,"0",0,NA,59000,64998,0,59,2,83,4,NA,NA,4,"2003/6/18",2003,6,18,1,"06/17/2008",4,4,103,116,123,117,122,113,126,NA,95,118,14,NA,11,21,2,13,NA,478,381,443,364,496,405,444,398,460,442,6,17,2008,0,-1,5,60,-1,59,59,9.133333333,2.08029197087884,2.18978102197773,0.218978102197773,0.328467153296659,0,0,0.547445255494432,0,2.29927007307662,0.109489051098886,0.656934306593319,0.218978102197773,0,0.328467153296659,0.328467153296659,0.218978102197773,0,0.547445255494432,0.547445255494432,0.547445255494432,0.547445255494432,22,6,2.4087591241755,0.656934306593319,24,2.62773722637328,0.387755102040816,0.408163265306122,0.0408163265306122,0.0612244897959184,0,0,0.102040816326531,0,0.428571428571429,0.0204081632653061,0.122448979591837,0.0408163265306122,0,0.0612244897959184,0.0612244897959184,0.0408163265306122,0,0.102040816326531,0.102040816326531,0,0.0204081632653061,0.448979591836735,0.122448979591837,0.489795918367347,0.218978102197773,0.437956204395546,0,0.109489051098886,0.109489051098886,0,0,0,0,0.328467153296659,0,0.218978102197773,0.218978102197773,0,0,0,0,0,0,0.109489051098886,0.109489051098886,0.109489051098886,3,0,5,0.328467153296659,0,0.547445255494432,0.25,0.5,0,0.125,0.125,0,0,0,0.375,0,0.25,0.25,0,0,0,0,0,0,0.125,0,0,0.375,0,0.625,"4/22/2009",5,NA,104,136,119,128,121,115,8,NA,1,NA,110,121,129,146,98,NA,117,NA,25,NA,11,14,24,17,16,483,451,458,438,412,496,477,426,458,478,491,470,459,459,1125017,4,22,2009,-2,4,0,6,70,5.36496350384544,8,0.163265306122449,0.875912408791092,18,18
"4",1124026,32,6,0,26,8,3,0,6,0,0,0,0,1,2,1,9,4,3,0,3,25,24,4,0,0,0,1,0,4,0,0,1,0,0,1,0,0,0,NA,1,0,8,75,1,0,1,66,9,7,"10",7,1,5,"8.5",42.5,0,125000,174998,0,91,5,NA,NA,NA,NA,4,"2003/1/14",2003,1,14,1,"07/29/2007",4,NA,100,142,123,133,81,129,116,NA,113,129,16,NA,13,16,4,17,NA,473,409,435,374,472,420,423,443,474,446,7,29,2007,6,15,4,54,0,54,54,9.3,2.79569892473118,3.44086021505376,0.860215053763441,0,0.32258064516129,0,0.645161290322581,0,2.68817204301075,0,0.967741935483871,0,0,0,2.58064516129032,0.32258064516129,0.10752688172043,0.32258064516129,0.43010752688172,0.43010752688172,0.43010752688172,25,24,2.68817204301075,2.58064516129032,25,2.68817204301075,0.346666666666667,0.426666666666667,0.106666666666667,0,0.04,0,0.08,0,0.333333333333333,0,0.12,0,0,0,0.32,0.04,0.0133333333333333,0.04,0.0533333333333333,0.0266666666666667,0.0533333333333333,0.333333333333333,0.32,0.333333333333333,0,0.645161290322581,0.10752688172043,0,0,0,0,0.10752688172043,0,0.43010752688172,0,0.10752688172043,0,0,0,0.10752688172043,0,0.10752688172043,0,0,0,0,4,1,4,0.43010752688172,0.10752688172043,0.43010752688172,0,0.75,0.125,0,0,0,0,0.125,0.5,0,0.125,0,0,0,0.125,0,0.125,0,0,0,0,0.5,0.125,0.5,"1/8/2009",6,5,119,156,128,150,148,128,NA,NA,NA,137,136,116,144,153,112,NA,145,NA,44,NA,10,23,23,24,20,493,494,470,473,480,501,472,468,453,494,508,484,487,487,1125026,1,8,2009,0,-6,-1,6,71,8.06451612903226,27,0.36,2.90322580645161,18,18
"5",1124042,21,1,6,29,14,1,0,0,0,0,1,0,0,3,1,8,8,0,2,2,13,33,2,0,0,0,0,0,0,0,0,0,1,0,0,0,0,0,NA,0,2,1,74,1,0,1,56,12,7,"15",7,0.5,5,"8.75",43.75,1,10000,149998,0,63,2,NA,NA,NA,NA,4,"2003/4/10",2003,4,10,1,"04/13/2007",4,NA,102,130,128,133,94,114,129,NA,107,120,12,NA,8,17,2,14,NA,471,376,428,354,478,380,427,398,464,429,4,13,2007,0,3,4,48,0,48,48,9.1,3.18681318681319,2.30769230769231,1.53846153846154,0.659340659340659,0.10989010989011,0,0.10989010989011,0.21978021978022,1.42857142857143,0,0.879120879120879,0.21978021978022,0,0,3.62637362637363,0.21978021978022,0.10989010989011,0,0.879120879120879,0.879120879120879,0.879120879120879,13,33,1.42857142857143,3.62637362637363,15,1.64835164835165,0.391891891891892,0.283783783783784,0.189189189189189,0.0810810810810811,0.0135135135135135,0,0.0135135135135135,0.027027027027027,0.175675675675676,0,0.108108108108108,0.027027027027027,0,0,0.445945945945946,0.027027027027027,0.0135135135135135,0,0.108108108108108,0.0405405405405405,0.027027027027027,0.175675675675676,0.445945945945946,0.202702702702703,0,0,0,0.10989010989011,0,0,0,0,0,0,0,0,0,0,0,0,0,0,0,0.10989010989011,0.10989010989011,0.10989010989011,0,0,0,0,0,0,0,0,0,1,0,0,0,0,0,0,0,0,0,0,0,0,0,0,1,0,0,0,0,0,"2/28/2009",5,NA,111,134,131,129,127,114,NA,NA,NA,NA,116,135,143,134,108,NA,129,NA,30,NA,8,16,28,9,19,488,451,474,443,431,495,462,437,476,493,471,481,463,472,1125042,2,28,2009,-2,18,0,6,70,8.13186813186813,35,0.472972972972973,3.84615384615385,18,18
"6",1124053,12,0,3,16,3,0,0,2,4,0,0,0,1,2,0,7,3,1,1,0,14,5,0,1,0,0,0,0,4,0,0,1,0,1,0,1,0,0,NA,0,0,7,34,1,0,1,66,13,6,"15",7,0.5,5,"2 SCHOOLS",24.5,0,150000,199999,0,65,2,80,3,NA,NA,3,"2003/4/3",2003,4,3,1,"03/08/2008",4,NA,92,124,116,117,93,122,105,NA,92,129,14,NA,13,15,3,12,NA,469,393,436,364,481,420,419,423,456,453,3,8,2008,-1,5,5,59,0,59,59,9,1.77777777777778,1.33333333333333,0.333333333333333,0.333333333333333,0,0,0,0,1.55555555555556,0,0.777777777777778,0.111111111111111,0,0.111111111111111,0.555555555555556,0,0,0.111111111111111,0.333333333333333,0.333333333333333,0.333333333333333,14,6,1.55555555555556,0.666666666666667,15,1.66666666666667,0.470588235294118,0.352941176470588,0.0882352941176471,0.0882352941176471,0,0,0,0,0.411764705882353,0,0.205882352941176,0.0294117647058824,0,0.0294117647058824,0.147058823529412,0,0,0.0294117647058824,0.0882352941176471,0.0588235294117647,0,0.411764705882353,0.176470588235294,0.441176470588235,0.444444444444444,0.222222222222222,0.111111111111111,0,0,0,0,0,0,0.444444444444444,0,0,0,0,0,0.111111111111111,0,0,0,0,0,0,4,1,4,0.444444444444444,0.111111111111111,0.444444444444444,0.571428571428571,0.285714285714286,0.142857142857143,0,0,0,0,0,0.571428571428571,0,0,0,0,0,0.142857142857143,0,0,0,0,0.142857142857143,0.142857142857143,0.571428571428571,0.142857142857143,0.571428571428571,"2/17/2009",5,NA,108,137,127,138,137,110,6,NA,1,NA,121,117,118,129,105,NA,140,NA,35,NA,9,17,23,6,18,486,454,467,453,449,495,467,442,453,464,459,477,454,481,1125053,2,17,2009,-2,14,0,6,70,3.77777777777778,6,0.176470588235294,0.666666666666667,16,18
"7",1124072,9,0,0,11,5,1,0,7,2,0,0,0,0,3,0,3,0,4,3,0,11,1,1,0,0,0,2,0,4,0,0,0,0,0,0,0,3,0,NA,0,0,9,26,1,0,1,63.5,12,7,"14",7,2,5,"9",45,0,275000,399998,0,86,4,NA,NA,NA,NA,4,"04/04/2004",2004,4,4,1,"01/29/2009",4,NA,124,188,142,192,123,150,138,NA,120,144,50,NA,22,24,21,20,NA,490,499,462,497,496,464,458,500,484,466,1,29,2009,-3,25,5,57,0,57,57,10.3,1.06796116504854,0.87378640776699,0.485436893203883,0,0.0970873786407767,0,0,0,1.06796116504854,0,0.29126213592233,0.29126213592233,0,0,0.0970873786407767,0,0,0.388349514563107,0,0,0,11,1,1.06796116504854,0.0970873786407767,14,1.35922330097087,0.423076923076923,0.346153846153846,0.192307692307692,0,0.0384615384615385,0,0,0,0.423076923076923,0,0.115384615384615,0.115384615384615,0,0,0.0384615384615385,0,0,0.153846153846154,0,0.115384615384615,0.0384615384615385,0.423076923076923,0.0384615384615385,0.538461538461538,0.194174757281553,0.679611650485437,0,0,0,0,0,0,0,0.388349514563107,0,0.194174757281553,0,0.29126213592233,0,0,0,0,0,0,0,0,4,0,4,0.388349514563107,0,0.388349514563107,0.222222222222222,0.777777777777778,0,0,0,0,0,0,0.444444444444444,0,0.222222222222222,0,0.333333333333333,0,0,0,0,0,0,0,0,0.444444444444444,0,0.444444444444444,NA,NA,NA,NA,NA,NA,NA,NA,NA,NA,NA,NA,NA,NA,NA,NA,NA,NA,NA,NA,NA,NA,NA,NA,NA,NA,NA,NA,NA,NA,NA,NA,NA,NA,NA,NA,NA,NA,NA,NA,NA,NA,NA,NA,NA,NA,NA,NA,NA,NA,NA,2.52427184466019,1,0.0384615384615385,0.0970873786407767,18,18
"8",1124074,27,3,4,10,18,2,0,1,7,0,0,0,0,3,0,18,11,5,0,2,9,11,0,3,2,0,1,1,6,0,0,0,0,0,0,0,0,0,NA,0,0,8,64,1,0,1,63.5,18,7,"16",7,1,5,"3",15,0,100000,149998,0,80,4,NA,NA,NA,NA,4,"2004/1/23",2004,1,23,1,"08/31/2008",4,NA,108,128,125,121,93,94,125,NA,115,122,13,NA,6,19,3,18,NA,479,391,438,359,480,362,436,423,477,440,8,31,2008,7,8,4,55,0,55,55,9.966666667,1.00334448157179,2.70903010024385,1.80602006682923,0.401337792628718,0.200668896314359,0,0.301003344471538,0,0.903010033414615,0.200668896314359,1.80602006682923,0,0,0.301003344471538,1.10367892972897,0.200668896314359,0,0.501672240785897,1.10367892972897,1.10367892972897,1.10367892972897,11,14,1.10367892972897,1.40468227420051,11,1.10367892972897,0.15625,0.421875,0.28125,0.0625,0.03125,0,0.046875,0,0.140625,0.03125,0.28125,0,0,0.046875,0.171875,0.03125,0,0.078125,0.171875,0.046875,0,0.171875,0.21875,0.171875,0.702341137100256,0.100334448157179,0,0,0,0,0,0,0,0.602006688943077,0,0.100334448157179,0.100334448157179,0,0,0,0,0,0,0,0,0,6,0,7,0.602006688943077,0,0.702341137100256,0.875,0.125,0,0,0,0,0,0,0.75,0,0.125,0.125,0,0,0,0,0,0,0,0,0,0.75,0,0.875,"7/6/2009",5,NA,130,119,114,119,115,133,8,NA,1,NA,113,113,NA,NA,123,NA,115,NA,17,NA,4,13,20,3,22,496,401,444,412,379,502,438,420,440,469,423,491,446,449,1125074,7,6,2009,6,-17,-1,5,65,6.42140468205948,16,0.25,1.60535117051487,18,18
"9",1124080,22,0,1,27,6,0,0,1,1,0,0,0,0,5,0,8,1,3,0,3,14,22,0,0,0,0,0,0,2,0,0,0,0,0,0,0,0,0,NA,0,0,2,56,1,0,1,53,14,7,"10",7,1,4,"8.5",34,0,175000,248999,0,62,2,84,4,NA,NA,4,"2004/7/7",2004,7,7,1,"12/16/2008",4,NA,95,138,121,138,72,117,124,NA,110,113,17,NA,10,18,3,16,NA,468,401,430,379,465,397,432,423,470,429,12,16,2008,5,9,4,53,0,53,53,8.9,3.03370786516854,2.47191011235955,0.674157303370786,0.112359550561798,0,0,0,0,1.57303370786517,0,0.898876404494382,0,0,0,2.47191011235955,0.337078651685393,0,0.337078651685393,0.112359550561798,0.112359550561798,0.112359550561798,14,22,1.57303370786517,2.47191011235955,14,1.57303370786517,0.482142857142857,0.392857142857143,0.107142857142857,0.0178571428571429,0,0,0,0,0.25,0,0.142857142857143,0,0,0,0.392857142857143,0.0535714285714286,0,0.0535714285714286,0.0178571428571429,0.0892857142857143,0,0.25,0.392857142857143,0.25,0.112359550561798,0.112359550561798,0,0,0,0,0,0,0,0.224719101123595,0,0,0,0,0,0,0,0,0,0,0,0,2,0,2,0.224719101123595,0,0.224719101123595,0.5,0.5,0,0,0,0,0,0,1,0,0,0,0,0,0,0,0,0,0,0,0,1,0,1,"1/12/2010",5,NA,109,129,119,124,118,109,NA,NA,NA,NA,120,119,124,136,108,NA,119,NA,19,NA,5,15,22,6,18,485,423,452,422,388,492,445,432,449,464,459,477,452,455,1125080,1,12,2010,-6,5,0,6,66,6.29213483146067,25,0.446428571428571,2.80898876404494,18,18
"10",1124111,16,0,1,20,8,0,0,5,4,0,0,0,0,3,0,5,2,5,1,1,9,11,4,1,0,3,0,0,8,0,0,0,0,1,0,0,0,0,NA,0,0,9,45,1,0,1,66,15,7,"16",7,0.5,3,"2.75",8.25,0,150000,199998,0,77,4,NA,NA,NA,NA,4,"2004/1/23",2004,1,23,1,"12/04/2008",4,NA,94,105,117,113,88,123,120,NA,99,111,12,NA,13,19,0,14,NA,471,359,435,354,478,420,436,364,464,434,12,4,2008,11,-19,4,59,-1,58,58,9.716666667,2.0583190393805,1.6466552315044,0.823327615752201,0.102915951969025,0,0,0,0,0.926243567721227,0,0.514579759845126,0.102915951969025,0.308747855907076,0.102915951969025,1.13207547165928,0.102915951969025,0,0.514579759845126,0.20583190393805,0.20583190393805,0.20583190393805,9,12,0.926243567721227,1.2349914236283,10,1.02915951969025,0.444444444444444,0.355555555555556,0.177777777777778,0.0222222222222222,0,0,0,0,0.2,0,0.111111111111111,0.0222222222222222,0.0666666666666667,0.0222222222222222,0.244444444444444,0.0222222222222222,0,0.111111111111111,0.0444444444444444,0.0666666666666667,0.0888888888888889,0.2,0.266666666666667,0.222222222222222,0.411663807876101,0.514579759845126,0,0,0,0,0,0,0,0.823327615752201,0,0,0,0,0,0,0,0,0,0,0,0,8,0,8,0.823327615752201,0,0.823327615752201,0.444444444444444,0.555555555555556,0,0,0,0,0,0,0.888888888888889,0,0,0,0,0,0,0,0,0,0,0.111111111111111,0,0.888888888888889,0,0.888888888888889,"1/29/2009",5,NA,121,140,122,139,132,132,NA,NA,NA,NA,131,114,NA,NA,112,NA,130,NA,21,NA,4,16,18,5,18,489,424,444,424,396,500,438,437,432,493,452,477,457,456,1125111,1,29,2009,0,6,0,5,60,4.63121783860613,13,0.288888888888889,1.33790737559733,18,18
"11",1124116,61,0,11,25,6,0,0,5,3,0,0,0,0,4,1,22,18,0,1,0,32,10,2,2,3,8,0,0,4,1,0,0,0,1,0,0,2,0,NA,0,0,8,103,1,0,1,53,26,6,"Born in US",6,0.5,3,"7.5",22.5,0,62000,87998,0,38,1,66,2,74,3,3,"2005/2/18",2005,2,18,1,"06/27/2009",4,NA,97,108,54,109,92,58,56,NA,99,76,7,NA,1,1,1,13,NA,469,354,361,331,478,287,332,377,460,390,6,27,2009,4,9,4,52,0,52,52,9.7,2.57731958762887,6.28865979381443,0.618556701030928,1.1340206185567,0,0,0,0,3.29896907216495,0.309278350515464,2.2680412371134,0.103092783505155,0.824742268041237,0.206185567010309,1.03092783505155,0,0.103092783505155,0,1.85567010309278,1.85567010309278,1.85567010309278,35,12,3.60824742268041,1.23711340206186,36,3.71134020618557,0.242718446601942,0.592233009708738,0.058252427184466,0.106796116504854,0,0,0,0,0.310679611650485,0.029126213592233,0.213592233009709,0.00970873786407767,0.0776699029126214,0.0194174757281553,0.0970873786407767,0,0.00970873786407767,0,0.174757281553398,0.0388349514563107,0.0194174757281553,0.339805825242718,0.116504854368932,0.349514563106796,0.309278350515464,0.515463917525773,0,0,0,0,0,0,0,0.412371134020619,0,0,0,0.206185567010309,0,0,0,0,0.103092783505155,0,0,0,4,0,4,0.412371134020619,0,0.412371134020619,0.375,0.625,0,0,0,0,0,0,0.5,0,0,0,0.25,0,0,0,0,0.125,0,0.125,0,0.5,0,0.5,"4/17/2010",5,NA,101,97,73,95,96,93,2,NA,1,NA,90,80,NA,NA,107,NA,78,NA,7,NA,0,7,8,1,17,478,354,397,369,331,482,405,371,388,428,377,474,445,406,1125116,4,17,2010,2,-1,-1,5,61,10.6185567010309,12,0.116504854368932,1.23711340206186,16,16
"12",1124118,13,1,0,29,8,4,0,3,12,0,0,0,0,2,2,4,2,2,2,1,3,33,0,2,1,1,1,3,9,1,0,0,0,0,0,1,0,0,NA,0,0,15,55,1,0,1,61,13,7,"13",7,2,5,"3",15,0,400000,599998,0,69,3,NA,NA,NA,NA,4,"2004/11/18",2004,11,18,1,"11/15/2009",4,4,106,146,117,143,122,126,129,NA,98,101,25,NA,14,22,5,14,NA,479,432,437,412,495,426,449,452,464,426,11,15,2009,0,-3,5,60,-1,59,59,9.85,2.94416243654822,1.31979695431472,0.812182741116751,0,0.406091370558376,0,0.101522842639594,0,0.304568527918782,0.101522842639594,0.406091370558376,0.203045685279188,0.101522842639594,0.203045685279188,3.3502538071066,0.101522842639594,0.203045685279188,0.203045685279188,0.203045685279188,0.203045685279188,0.203045685279188,4,35,0.406091370558376,3.55329949238579,6,0.609137055837564,0.527272727272727,0.236363636363636,0.145454545454545,0,0.0727272727272727,0,0.0181818181818182,0,0.0545454545454545,0.0181818181818182,0.0727272727272727,0.0363636363636364,0.0181818181818182,0.0363636363636364,0.6,0.0181818181818182,0.0363636363636364,0.0363636363636364,0.0363636363636364,0.0363636363636364,0,0.0727272727272727,0.636363636363636,0.109090909090909,1.21827411167513,0.304568527918782,0,0,0,0,0,0,0,0.913705583756345,0,0.101522842639594,0.304568527918782,0,0,0,0,0,0.101522842639594,0,0,0,9,0,12,0.913705583756345,0,1.21827411167513,0.8,0.2,0,0,0,0,0,0,0.6,0,0.0666666666666667,0.2,0,0,0,0,0,0.0666666666666667,0,0,0.0666666666666667,0.6,0,0.8,"8/17/2010",5,NA,108,137,128,133,131,118,NA,NA,NA,NA,116,119,126,136,102,NA,141,NA,30,NA,9,15,23,8,17,485,449,467,443,431,497,467,432,453,474,468,474,466,480,1125118,8,17,2010,-3,-1,-1,6,68,5.58375634517767,36,0.654545454545455,3.65482233502538,18,18
"13",1124122,33,2,2,59,16,2,0,0,0,0,0,0,0,1,1,13,8,5,0,1,44,38,1,2,0,0,0,0,0,0,0,0,0,0,0,0,0,0,NA,0,0,0,114,1,0,1,45,8,6,"9",7,0.5,2,"5",10,0,90000,99998,1,74,3,NA,NA,NA,NA,4,"2004/12/8",2004,12,8,1,"12/18/2009",5,4,103,141,139,132,93,126,133,NA,109,144,20,NA,14,23,5,17,NA,478,422,460,392,481,426,453,452,474,467,12,18,2009,0,10,5,60,0,60,60,10.46666667,5.63694267336403,3.15286624103412,1.52866241989533,0.191082802486916,0.191082802486916,0,0.191082802486916,0,4.20382165471216,0,1.24203821616496,0,0,0.191082802486916,3.63057324725141,0.0955414012434582,0.0955414012434582,0.477707006217291,0.764331209947665,0.764331209947665,0.764331209947665,44,40,4.20382165471216,3.82165604973833,44,4.20382165471216,0.517543859649123,0.289473684210526,0.140350877192982,0.0175438596491228,0.0175438596491228,0,0.0175438596491228,0,0.385964912280702,0,0.114035087719298,0,0,0.0175438596491228,0.333333333333333,0.0087719298245614,0.0087719298245614,0.043859649122807,0.0701754385964912,0.0087719298245614,0.0087719298245614,0.385964912280702,0.350877192982456,0.385964912280702,0,0,0,0,0,0,0,0,0,0,0,0,0,0,0,0,0,0,0,0,0,0,0,0,0,0,0,0,NA,NA,NA,NA,NA,NA,NA,NA,NA,NA,NA,NA,NA,NA,NA,NA,NA,NA,NA,NA,NA,NA,NA,NA,"11/12/2010",5,NA,117,144,132,142,141,107,NA,NA,NA,NA,119,127,136,137,120,NA,141,NA,39,NA,11,17,26,11,22,492,470,475,461,464,492,477,442,467,488,477,491,465,483,1125122,11,12,2010,-1,4,0,6,71,10.8917197417542,41,0.359649122807018,3.91719745098178,16,18
"14",1124151,24,6,1,32,4,1,5,13,6,0,0,2,0,6,0,5,4,5,5,0,9,18,0,21,0,0,1,0,8,4,4,1,2,1,0,0,0,0,NA,0,0,21,73,1,0,1,66,6,6,"23",7,2,4,"3",12,0,100000,149000,0,74,3,NA,NA,NA,NA,4,"2004/10/12",2004,10,12,1,"08/27/2009",4,NA,113,144,127,137,101,109,120,NA,117,133,21,NA,10,19,5,19,NA,483,424,445,396,486,397,436,452,481,455,8,27,2009,-2,15,5,58,0,58,58,9.816666667,3.25976230888761,2.44482173166571,0.407470288610952,0.101867572152738,0.101867572152738,0.50933786076369,0.611205432916428,0,0.916808149374642,0,0.50933786076369,0.50933786076369,0,2.1392190152075,1.83361629874928,0,0,0.50933786076369,0.407470288610952,0.407470288610952,0.407470288610952,9,39,0.916808149374642,3.97283531395678,14,1.42614601013833,0.438356164383562,0.328767123287671,0.0547945205479452,0.0136986301369863,0.0136986301369863,0.0684931506849315,0.0821917808219178,0,0.123287671232877,0,0.0684931506849315,0.0684931506849315,0,0.287671232876712,0.246575342465753,0,0,0.0684931506849315,0.0547945205479452,0.0821917808219178,0,0.123287671232877,0.534246575342466,0.191780821917808,0.611205432916428,1.32427843798559,0,0,0,0,0.203735144305476,0,0,0.814940577221904,0.407470288610952,0.101867572152738,0,0,0,0.101867572152738,0,0,0.407470288610952,0.203735144305476,0.203735144305476,0.203735144305476,12,1,12,1.22241086583286,0.101867572152738,1.22241086583286,0.285714285714286,0.619047619047619,0,0,0,0,0.0952380952380952,0,0.380952380952381,0.19047619047619,0.0476190476190476,0,0,0,0.0476190476190476,0,0,0.19047619047619,0.0952380952380952,0.0476190476190476,0,0.571428571428571,0.0476190476190476,0.571428571428571,"6/16/2010",5,NA,111,152,125,142,150,101,NA,NA,NA,NA,124,116,124,142,114,NA,137,NA,41,NA,5,17,22,11,20,486,474,462,452,470,489,445,442,449,469,477,484,480,475,1125151,6,16,2010,-4,4,0,6,68,7.43633276714987,39,0.534246575342466,3.97283531395678,16,18
"15",1124160,16,0,0,37,4,0,1,1,0,0,0,0,0,1,4,8,3,1,0,1,22,18,0,0,0,0,1,0,0,0,0,0,0,0,0,0,0,0,NA,0,0,1,58,1,0,1,59.5,10,6,"10",7,1,5,"5.5",27.5,0,120000,149998,0,55,1,79,3,NA,NA,4,"2004/5/22",2004,5,22,1,"12/16/2008",4,NA,85,114,128,121,70,127,132,NA,94,120,13,NA,13,21,1,12,NA,461,368,441,359,465,420,444,377,456,438,12,16,2008,7,-6,4,55,-1,54,54,10.21666667,3.62153344090651,1.5660685149866,0.39151712874665,0,0,0.0978792821866625,0,0,2.15334420810658,0,0.7830342574933,0,0,0,1.76182707935993,0.0978792821866625,0.39151712874665,0.0978792821866625,0.293637846559988,0.293637846559988,0.293637846559988,22,18,2.15334420810658,1.76182707935993,22,2.15334420810658,0.637931034482759,0.275862068965517,0.0689655172413793,0,0,0.0172413793103448,0,0,0.379310344827586,0,0.137931034482759,0,0,0,0.310344827586207,0.0172413793103448,0.0689655172413793,0.0172413793103448,0.0517241379310345,0.0172413793103448,0,0.379310344827586,0.310344827586207,0.379310344827586,0,0.0978792821866625,0,0,0,0,0,0,0,0,0,0.0978792821866625,0,0,0,0,0,0,0,0,0,0,0,0,0,0,0,0,0,1,0,0,0,0,0,0,0,0,1,0,0,0,0,0,0,0,0,0,0,0,0,0,"3/6/2010",5,NA,101,142,121,139,136,115,NA,NA,NA,NA,134,122,140,139,96,NA,121,NA,33,NA,5,21,24,10,15,481,458,459,451,442,495,451,460,458,485,474,467,461,461,1125160,3,6,2010,-2,-16,-1,6,69,5.67699836682643,19,0.327586206896552,1.85970636154659,16,18
"16",1124162,48,0,3,31,22,0,0,0,0,0,0,0,0,28,1,12,9,4,5,1,21,20,3,0,0,0,0,0,0,0,0,0,0,0,0,0,0,0,NA,0,0,0,104,1,0,1,61,18,7,"18",7,1,2,"8.5",17,0,94000,119998,0,67,3,NA,NA,NA,NA,0,"2005/10/26",2005,10,26,1,"08/02/2010",4,NA,112,112,96,107,112,120,99,NA,110,94,9,NA,12,12,2,17,NA,482,369,411,340,490,412,407,398,474,416,8,2,2010,-2,-24,5,58,-1,57,57,9.6,3.22916666666667,5,2.29166666666667,0.3125,0,0,0,0,2.1875,0,1.25,0.520833333333333,0,0,2.08333333333333,0.104166666666667,0.104166666666667,0.416666666666667,0.9375,0.9375,0.9375,21,20,2.1875,2.08333333333333,26,2.70833333333333,0.298076923076923,0.461538461538462,0.211538461538462,0.0288461538461538,0,0,0,0,0.201923076923077,0,0.115384615384615,0.0480769230769231,0,0,0.192307692307692,0.00961538461538462,0.00961538461538462,0.0384615384615385,0.0865384615384615,0.269230769230769,0.0288461538461538,0.201923076923077,0.192307692307692,0.25,0,0,0,0,0,0,0,0,0,0,0,0,0,0,0,0,0,0,0,0,0,0,0,0,0,0,0,0,NA,NA,NA,NA,NA,NA,NA,NA,NA,NA,NA,NA,NA,NA,NA,NA,NA,NA,NA,NA,NA,NA,NA,NA,"5/18/2011",5,NA,107,111,103,108,105,112,NA,NA,NA,NA,110,107,113,116,103,NA,99,NA,14,NA,2,13,19,3,17,484,393,436,402,364,494,422,420,436,457,423,474,439,436,1125162,5,18,2011,-5,-8,-1,6,66,10.8333333333333,21,0.201923076923077,2.1875,18,18
"17",1124179,45,2,2,31,18,1,0,2,4,0,1,0,0,3,3,22,2,1,0,4,32,27,0,5,0,0,3,0,2,0,0,0,1,0,1,0,0,0,NA,0,0,7,99,1,0,1,61,7,6,"22",7,0.5,5,"3",15,0,100000,149000,0,76,3,NA,NA,NA,NA,4,"2006/4/16",2006,4,16,1,"05/05/2010",4,NA,95,160,147,173,100,131,130,NA,93,158,25,NA,12,18,3,10,NA,465,418,449,412,482,412,432,423,448,467,5,5,2010,1,-11,4,49,-1,48,48,10.4,2.98076923076923,4.32692307692308,1.73076923076923,0.192307692307692,0.0961538461538461,0,0.192307692307692,0,3.07692307692308,0,2.11538461538462,0,0,0.480769230769231,2.59615384615385,0.384615384615385,0.288461538461538,0.0961538461538461,0.192307692307692,0.192307692307692,0.192307692307692,32,32,3.07692307692308,3.07692307692308,32,3.07692307692308,0.313131313131313,0.454545454545455,0.181818181818182,0.0202020202020202,0.0101010101010101,0,0.0202020202020202,0,0.323232323232323,0,0.222222222222222,0,0,0.0505050505050505,0.272727272727273,0.0404040404040404,0.0303030303030303,0.0101010101010101,0.0202020202020202,0.0303030303030303,0,0.323232323232323,0.323232323232323,0.323232323232323,0.384615384615385,0.192307692307692,0,0.0961538461538461,0,0,0,0,0,0.192307692307692,0,0.288461538461538,0,0,0,0,0,0.0961538461538461,0,0.0961538461538461,0.0961538461538461,0.0961538461538461,2,0,2,0.192307692307692,0,0.192307692307692,0.571428571428571,0.285714285714286,0,0.142857142857143,0,0,0,0,0.285714285714286,0,0.428571428571429,0,0,0,0,0,0.142857142857143,0,0.142857142857143,0,0,0.285714285714286,0,0.285714285714286,"5/5/2011",5,NA,93,166,149,166,166,93,2,NA,1,NA,133,145,NA,NA,94,NA,152,NA,40,NA,13,17,27,12,13,471,473,475,465,467,482,486,442,471,469,480,460,471,478,1125179,5,5,2011,1,-11,-1,5,60,9.51923076923077,36,0.363636363636364,3.46153846153846,16,18
"18",1124181,9,0,2,28,5,1,0,3,5,0,0,0,0,3,0,6,3,4,2,0,11,3,6,0,7,0,0,2,4,1,0,0,0,1,0,0,0,0,NA,0,0,8,45,1,0,1,61,6,7,"6",7,2,5,"10.5",52.5,0,125000,174998,0,57,2,83,4,NA,NA,4,"2006/1/6",2006,1,6,1,"04/03/2010",4,NA,109,103,91,98,117,82,97,NA,104,87,4,NA,3,9,1,14,NA,477,345,396,314,490,329,393,377,464,400,4,3,2010,3,-3,4,51,-1,50,50,9.333333333,3.00000000010714,0.964285714320153,0.535714285733418,0.214285714293367,0.107142857146684,0,0,0,1.17857142861352,0.750000000026786,0.642857142880102,0.214285714293367,0,0,0.321428571440051,0,0,0.428571428586735,0.321428571440051,0.321428571440051,0.321428571440051,18,3,1.92857142864031,0.321428571440051,20,2.14285714293367,0.622222222222222,0.2,0.111111111111111,0.0444444444444444,0.0222222222222222,0,0,0,0.244444444444444,0.155555555555556,0.133333333333333,0.0444444444444444,0,0,0.0666666666666667,0,0,0.0888888888888889,0.0666666666666667,0.0666666666666667,0.133333333333333,0.4,0.0666666666666667,0.444444444444444,0.535714285733418,0.321428571440051,0,0,0,0,0,0,0,0.428571428586735,0,0,0.214285714293367,0,0,0,0,0,0.107142857146684,0,0,0,4,0,6,0.428571428586735,0,0.642857142880102,0.625,0.375,0,0,0,0,0,0,0.5,0,0,0.25,0,0,0,0,0,0.125,0,0.125,0,0.5,0,0.75,"6/15/2011",5,NA,106,124,119,117,115,114,NA,NA,NA,NA,118,128,NA,NA,101,NA,109,NA,17,NA,2,14,24,4,16,482,411,450,409,379,494,422,426,458,464,443,470,439,443,1125181,6,15,2011,5,9,0,5,65,4.82142857160076,3,0.0666666666666667,0.321428571440051,18,18
"19",1124188,16,0,0,19,0,2,1,4,6,0,0,0,0,1,0,6,1,0,2,0,13,12,2,1,0,0,2,2,3,1,0,0,0,1,0,0,1,0,NA,0,0,10,38,1,0,1,66,14,7,"14",7,3,5,"9.5",47.5,0,250000,348999,0,90,5,NA,NA,NA,NA,4,"2004/2/24",2004,2,24,1,"01/21/2009",4,NA,118,132,141,132,130,126,136,NA,109,144,20,NA,14,24,3,17,NA,486,408,462,392,499,426,458,423,474,467,1,21,2009,-1,-3,5,59,-1,58,58,9.966666667,1.90635451498641,1.60535117051487,0,0,0.200668896314359,0.100334448157179,0,0,1.30434782604333,0,0.602006688943077,0.200668896314359,0,0.100334448157179,1.20401337788615,0,0,0,0.100334448157179,0.100334448157179,0.100334448157179,13,13,1.30434782604333,1.30434782604333,15,1.50501672235769,0.5,0.421052631578947,0,0,0.0526315789473684,0.0263157894736842,0,0,0.342105263157895,0,0.157894736842105,0.0526315789473684,0,0.0263157894736842,0.315789473684211,0,0,0,0.0263157894736842,0.0263157894736842,0.0526315789473684,0.342105263157895,0.342105263157895,0.394736842105263,0.602006688943077,0.401337792628718,0,0,0,0,0,0,0,0.301003344471538,0,0.200668896314359,0.200668896314359,0.100334448157179,0,0,0,0,0.100334448157179,0,0,0,3,0,5,0.301003344471538,0,0.501672240785897,0.6,0.4,0,0,0,0,0,0,0.3,0,0.2,0.2,0.1,0,0,0,0,0.1,0,0.1,0,0.3,0,0.5,"1/23/2010",5,NA,120,124,132,134,120,139,NA,NA,NA,NA,122,124,159,124,108,NA,145,NA,25,NA,14,18,25,5,19,494,432,475,449,412,506,490,447,462,485,452,481,467,487,1125188,1,23,2010,-1,-1,-1,6,70,3.81270902997282,13,0.342105263157895,1.30434782604333,18,18
"20",1124195,19,0,1,19,11,1,0,0,1,0,0,0,0,5,0,18,1,0,2,1,4,17,2,0,0,1,0,0,1,0,0,0,0,0,0,0,0,0,NA,0,0,1,51,1,0,1,66,11,7,"10",6,1,5,"MWF:10;TTH:5",40,0,175000,248999,0,82,4,NA,NA,NA,NA,3,"2005/12/12",2005,12,12,1,"01/21/2010",4,NA,120,110,122,120,125,97,121,NA,114,118,9,NA,5,15,0,16,NA,482,352,424,340,494,353,419,364,470,428,1,21,2010,-11,9,5,49,0,49,49,8.933333333,2.12686567172115,2.12686567172115,1.23134328362804,0.11194029851164,0.11194029851164,0,0,0,0.447761194046558,0,2.01492537320951,0.223880597023279,0.11194029851164,0,1.90298507469787,0.11194029851164,0,0,0.11194029851164,0.11194029851164,0.11194029851164,4,17,0.447761194046558,1.90298507469787,6,0.671641791069837,0.372549019607843,0.372549019607843,0.215686274509804,0.0196078431372549,0.0196078431372549,0,0,0,0.0784313725490196,0,0.352941176470588,0.0392156862745098,0.0196078431372549,0,0.333333333333333,0.0196078431372549,0,0,0.0196078431372549,0.0980392156862745,0.0392156862745098,0.0784313725490196,0.333333333333333,0.117647058823529,0.11194029851164,0,0,0,0,0,0,0,0,0.11194029851164,0,0,0,0,0,0,0,0,0,0,0,0,1,0,1,0.11194029851164,0,0.11194029851164,1,0,0,0,0,0,0,0,1,0,0,0,0,0,0,0,0,0,0,0,0,1,0,1,"12/14/2010",5,NA,127,128,131,126,116,135,6,NA,1,NA,125,128,NA,NA,119,NA,134,NA,14,NA,3,14,22,4,20,493,404,454,407,364,501,430,426,449,457,443,484,445,459,1125195,12,14,2010,0,2,0,5,60,5.70895522409362,18,0.352941176470588,2.01492537320951,18,16
"21",1124196,27,0,5,13,2,0,0,5,2,0,0,0,0,9,0,10,12,0,0,1,5,7,3,0,0,0,0,0,5,0,0,0,0,2,0,0,0,0,NA,0,0,7,47,1,0,1,66,17,7,"17",7,2,5,"9",45,0,200000,298000,0,74,3,NA,NA,NA,NA,3,"2005/11/9",2005,11,9,1,"01/24/2010",4,NA,123,105,111,112,114,121,110,NA,123,110,7,NA,10,12,0,19,NA,485,347,414,331,489,397,407,364,481,421,1,24,2010,-10,15,5,50,0,50,50,9.65,1.34715025906736,2.7979274611399,0.207253886010363,0.518134715025907,0,0,0,0,0.518134715025907,0,1.03626943005181,0,0,0,0.725388601036269,0.103626943005181,0,0,1.24352331606218,1.24352331606218,1.24352331606218,5,7,0.518134715025907,0.725388601036269,5,0.518134715025907,0.276595744680851,0.574468085106383,0.0425531914893617,0.106382978723404,0,0,0,0,0.106382978723404,0,0.212765957446809,0,0,0,0.148936170212766,0.0212765957446809,0,0,0.25531914893617,0.191489361702128,0.0638297872340425,0.106382978723404,0.148936170212766,0.106382978723404,0.207253886010363,0.518134715025907,0,0,0,0,0,0,0,0.518134715025907,0,0,0,0,0,0,0,0,0,0,0,0,5,0,5,0.518134715025907,0,0.518134715025907,0.285714285714286,0.714285714285714,0,0,0,0,0,0,0.714285714285714,0,0,0,0,0,0,0,0,0,0,0.285714285714286,0,0.714285714285714,0,0.714285714285714,"11/13/2010",5,NA,135,103,108,112,106,131,NA,NA,NA,NA,116,114,NA,NA,130,NA,100,NA,10,NA,0,12,18,1,23,497,361,429,387,345,500,405,412,432,437,377,494,439,426,1125196,11,13,2010,0,4,0,5,60,4.87046632124352,8,0.170212765957447,0.829015544041451,18,18
"22",1124201,15,2,2,26,15,0,0,1,0,0,0,0,1,1,2,9,4,4,1,1,13,20,0,5,0,0,0,0,2,0,0,0,0,0,0,0,0,0,NA,0,0,2,60,1,0,1,66,5,7,"5",7,3,5,"6",30,0,150000,199999,0,92,5,NA,NA,NA,NA,4,"2004/3/24",2004,3,24,1,"03/05/2009",4,NA,123,152,146,143,122,133,133,NA,120,160,25,NA,16,23,9,20,NA,490,442,468,412,495,437,453,471,484,482,3,5,2009,0,-19,5,60,-1,59,59,10.56666667,2.46056782256764,1.41955835917364,1.41955835917364,0.189274447889819,0,0,0.189274447889819,0,1.23028391128382,0,0.851735015504185,0.0946372239449094,0,0.473186119724547,1.89274447889819,0.0946372239449094,0.189274447889819,0.378548895779638,0.378548895779638,0.378548895779638,0.378548895779638,13,25,1.23028391128382,2.36593059862274,14,1.32492113522873,0.433333333333333,0.25,0.25,0.0333333333333333,0,0,0.0333333333333333,0,0.216666666666667,0,0.15,0.0166666666666667,0,0.0833333333333333,0.333333333333333,0.0166666666666667,0.0333333333333333,0.0666666666666667,0.0666666666666667,0.0166666666666667,0,0.216666666666667,0.416666666666667,0.233333333333333,0,0.0946372239449094,0.0946372239449094,0,0,0,0,0,0,0.189274447889819,0,0,0,0,0,0,0,0,0,0,0,0,2,0,2,0.189274447889819,0,0.189274447889819,0,0.5,0.5,0,0,0,0,0,1,0,0,0,0,0,0,0,0,0,0,0,0,1,0,1,"1/18/2010",5,NA,122,159,144,162,157,126,NA,NA,NA,NA,147,148,144,147,116,NA,142,NA,50,NA,12,27,31,18,21,494,495,486,487,497,500,481,482,490,492,493,487,493,482,1125201,1,18,2010,-2,-6,-1,6,69,5.67823343669456,26,0.433333333333333,2.46056782256764,18,18
"23",1124216,9,0,3,4,6,0,0,2,5,0,0,0,0,1,0,4,4,0,0,1,8,4,0,0,0,0,0,0,5,2,0,0,0,0,0,0,0,0,NA,0,0,7,22,1,0,1,66,8,7,"11",7,0,0,"0",0,NA,75000,99999,0,61,2,64,2,NA,NA,4,"2006/1/7",2006,1,7,1,"10/18/2010",4,NA,100,85,89,79,96,86,96,NA,103,85,2,NA,5,11,0,15,NA,475,328,404,293,482,353,403,364,467,406,10,18,2010,9,11,4,57,0,57,57,9.366666667,0.427046263329998,0.960854092492496,0.640569394994998,0.320284697497499,0,0,0,0,0.854092526659997,0,0.427046263329998,0,0,0,0.427046263329998,0.1067615658325,0,0,0.427046263329998,0.427046263329998,0.427046263329998,8,4,0.854092526659997,0.427046263329998,8,0.854092526659997,0.181818181818182,0.409090909090909,0.272727272727273,0.136363636363636,0,0,0,0,0.363636363636364,0,0.181818181818182,0,0,0,0.181818181818182,0.0454545454545455,0,0,0.181818181818182,0.0454545454545455,0,0.363636363636364,0.181818181818182,0.363636363636364,0.533807829162498,0.213523131664999,0,0,0,0,0,0,0,0.533807829162498,0,0,0,0,0,0,0,0,0.213523131664999,0,0,0,5,0,5,0.533807829162498,0,0.533807829162498,0.714285714285714,0.285714285714286,0,0,0,0,0,0,0.714285714285714,0,0,0,0,0,0,0,0,0.285714285714286,0,0,0,0.714285714285714,0,0.714285714285714,"11/5/2011",5,NA,103,82,105,94,88,114,NA,NA,NA,NA,97,106,95,NA,98,NA,103,NA,8,NA,3,11,20,0,16,483,350,443,390,336,495,430,405,440,449,364,470,439,445,1125216,11,5,2011,10,-2,-1,5,69,2.34875444831499,5,0.227272727272727,0.533807829162498,18,18
"24",1124217,25,3,2,28,4,0,0,8,12,0,0,1,0,1,0,12,4,0,0,0,20,22,1,0,0,2,5,0,15,0,0,0,1,0,0,1,0,0,NA,2,0,24,62,1,1,1,61,14,7,"12",7,1,5,"6",30,0,180000,234998,0,70,2,81,3,NA,NA,4,"2006/5/11",2006,5,11,1,"08/07/2010",4,NA,107,137,116,133,110,129,101,NA,104,134,14,NA,12,10,3,14,NA,476,393,422,364,487,412,398,423,464,446,8,7,2010,3,-4,4,51,-1,50,50,9.8,2.85714285714286,2.55102040816327,0.408163265306122,0.204081632653061,0,0,0.306122448979592,0,2.04081632653061,0,1.22448979591837,0,0.204081632653061,0,2.24489795918367,0,0,0,0.408163265306122,0.408163265306122,0.408163265306122,20,22,2.04081632653061,2.24489795918367,20,2.04081632653061,0.451612903225806,0.403225806451613,0.0645161290322581,0.032258064516129,0,0,0.0483870967741935,0,0.32258064516129,0,0.193548387096774,0,0.032258064516129,0,0.354838709677419,0,0,0,0.0645161290322581,0.0161290322580645,0.0161290322580645,0.32258064516129,0.354838709677419,0.32258064516129,1.22448979591837,0.816326530612245,0,0,0,0.102040816326531,0.102040816326531,0.204081632653061,0,1.53061224489796,0,0.510204081632653,0,0,0,0,0,0,0,0.102040816326531,0.102040816326531,0.102040816326531,15,0,15,1.53061224489796,0,1.53061224489796,0.5,0.333333333333333,0,0,0,0.0416666666666667,0.0416666666666667,0.0833333333333333,0.625,0,0.208333333333333,0,0,0,0,0,0,0,0.0416666666666667,0,0.0416666666666667,0.625,0,0.625,NA,NA,NA,NA,NA,NA,NA,NA,NA,NA,NA,NA,NA,NA,NA,NA,NA,NA,NA,NA,NA,NA,NA,NA,NA,NA,NA,NA,NA,NA,NA,NA,NA,NA,NA,NA,NA,NA,NA,NA,NA,NA,NA,NA,NA,NA,NA,NA,NA,NA,NA,6.3265306122449,22,0.354838709677419,2.24489795918367,18,18
"25",1124255,36,1,0,41,21,3,1,0,0,0,0,0,0,6,2,19,3,5,4,2,23,36,0,1,2,0,0,0,0,0,0,0,0,0,0,0,0,0,NA,0,0,0,103,1,0,1,66,10,7,"9",7,3,5,"9.5",47.5,0,75000,99999,0,73,3,NA,NA,NA,NA,3,"2006/4/3",2006,4,3,1,"05/15/2010",4,NA,108,134,130,142,100,102,134,NA,110,118,15,NA,6,19,2,15,NA,475,384,432,369,482,362,436,398,467,428,5,15,2010,1,12,4,49,0,49,49,9.8,4.18367346938776,3.6734693877551,2.14285714285714,0,0.306122448979592,0.102040816326531,0.102040816326531,0,2.3469387755102,0.204081632653061,1.93877551020408,0.408163265306122,0,0.102040816326531,3.6734693877551,0.204081632653061,0.204081632653061,0.510204081632653,0.306122448979592,0.306122448979592,0.306122448979592,25,37,2.55102040816327,3.77551020408163,29,2.95918367346939,0.398058252427184,0.349514563106796,0.203883495145631,0,0.029126213592233,0.00970873786407767,0.00970873786407767,0,0.223300970873786,0.0194174757281553,0.184466019417476,0.0388349514563107,0,0.00970873786407767,0.349514563106796,0.0194174757281553,0.0194174757281553,0.0485436893203883,0.029126213592233,0.058252427184466,0,0.242718446601942,0.359223300970874,0.281553398058252,0,0,0,0,0,0,0,0,0,0,0,0,0,0,0,0,0,0,0,0,0,0,0,0,0,0,0,0,NA,NA,NA,NA,NA,NA,NA,NA,NA,NA,NA,NA,NA,NA,NA,NA,NA,NA,NA,NA,NA,NA,NA,NA,"4/30/2011",5,NA,102,143,116,135,130,93,2,NA,1,NA,127,116,NA,NA,107,NA,115,NA,21,NA,4,15,19,8,17,480,432,439,422,396,486,438,432,436,464,468,474,452,443,1125255,4,30,2011,0,27,0,5,60,10.5102040816327,39,0.378640776699029,3.97959183673469,18,18
"26",1124256,24,0,6,24,11,0,0,12,8,0,0,0,6,5,0,10,8,1,5,0,13,22,0,0,0,1,3,1,15,0,0,4,0,1,0,0,2,0,NA,0,2,26,67,1,0,1,66,7,7,"8",7,1,5,"8",40,0,50000,74999,0,70,3,NA,NA,NA,NA,4,"2006/4/30",2006,4,30,1,"12/21/2010",4,NA,112,132,129,128,132,117,123,NA,100,133,16,NA,11,19,3,14,NA,481,399,444,374,499,405,436,423,464,452,12,21,2010,8,-9,4,56,-1,55,55,10.45,2.29665071770335,2.29665071770335,1.05263157894737,0.574162679425837,0,0,0,0.191387559808612,1.24401913875598,0,0.956937799043062,0.478468899521531,0.0956937799043062,0,2.10526315789474,0,0,0.0956937799043062,0.76555023923445,0.76555023923445,0.76555023923445,13,22,1.24401913875598,2.10526315789474,18,1.72248803827751,0.358208955223881,0.358208955223881,0.164179104477612,0.0895522388059701,0,0,0,0.0298507462686567,0.194029850746269,0,0.149253731343284,0.0746268656716418,0.0149253731343284,0,0.328358208955224,0,0,0.0149253731343284,0.119402985074627,0.0746268656716418,0,0.194029850746269,0.328358208955224,0.26865671641791,0.76555023923445,1.14832535885167,0.574162679425837,0,0,0,0,0,0,1.43540669856459,0,0.287081339712919,0.0956937799043062,0.191387559808612,0,0.382775119617225,0,0,0,0,0,0,15,4,16,1.43540669856459,0.382775119617225,1.5311004784689,0.307692307692308,0.461538461538462,0.230769230769231,0,0,0,0,0,0.576923076923077,0,0.115384615384615,0.0384615384615385,0.0769230769230769,0,0.153846153846154,0,0,0,0,0.0384615384615385,0,0.576923076923077,0.153846153846154,0.615384615384615,NA,NA,NA,NA,NA,NA,NA,NA,NA,NA,NA,NA,NA,NA,NA,NA,NA,NA,NA,NA,NA,NA,NA,NA,NA,NA,NA,NA,NA,NA,NA,NA,NA,NA,NA,NA,NA,NA,NA,NA,NA,NA,NA,NA,NA,NA,NA,NA,NA,NA,NA,6.41148325358852,22,0.328358208955224,2.10526315789474,18,18
"27",1124257,16,1,0,14,4,0,0,0,1,0,0,0,0,6,1,6,0,2,0,0,8,11,0,1,0,0,0,0,1,0,0,0,0,0,0,0,0,0,NA,0,0,1,35,1,0,1,53.5,14,7,"15",7,2,5,"9",45,0,200000,298000,0,76,3,NA,NA,NA,NA,4,"2006/1/4",2006,1,4,1,"08/13/2010",4,NA,117,182,134,186,114,114,121,NA,115,147,40,NA,10,18,13,18,NA,484,475,448,467,491,397,432,482,477,464,8,13,2010,7,9,4,55,0,55,55,8.433333333,1.66007905144901,1.89723320165602,0.474308300414004,0,0,0,0.118577075103501,0,0.948616600828009,0,0.711462450621006,0,0,0.118577075103501,1.30434782613851,0,0.118577075103501,0.237154150207002,0,0,0,8,12,0.948616600828009,1.42292490124201,8,0.948616600828009,0.4,0.457142857142857,0.114285714285714,0,0,0,0.0285714285714286,0,0.228571428571429,0,0.171428571428571,0,0,0.0285714285714286,0.314285714285714,0,0.0285714285714286,0.0571428571428571,0,0.171428571428571,0,0.228571428571429,0.342857142857143,0.228571428571429,0.118577075103501,0,0,0,0,0,0,0,0,0.118577075103501,0,0,0,0,0,0,0,0,0,0,0,0,1,0,1,0.118577075103501,0,0.118577075103501,1,0,0,0,0,0,0,0,1,0,0,0,0,0,0,0,0,0,0,0,0,1,0,1,"7/18/2011",5,NA,124,171,147,174,169,134,NA,NA,NA,NA,168,146,163,158,115,NA,149,NA,52,NA,9,36,29,22,20,493,503,482,492,503,503,467,508,481,498,502,484,481,482,1125257,7,18,2011,6,14,0,5,66,4.15019762862254,12,0.342857142857143,1.42292490124201,18,18
"28",1124258,23,3,10,35,9,0,0,1,4,0,0,0,1,0,2,17,16,7,0,0,23,10,4,1,0,0,0,0,4,0,0,0,0,1,1,0,0,0,NA,0,0,6,80,1,0,1,66,10,7,"10",7,0.5,5,"6",30,0,125000,174998,0,63,2,79,3,NA,NA,3,"2006/3/16",2006,3,16,1,"06/16/2010",4,NA,97,128,114,133,92,129,108,NA,100,119,14,NA,12,12,2,13,NA,469,381,419,364,478,412,407,398,460,431,6,16,2010,3,0,4,51,0,51,51,9.816666667,3.56536502534583,2.34295415951297,0.916808149374642,1.01867572152738,0,0,0.305602716458214,0,2.34295415951297,0,1.73174872659654,0,0,0.101867572152738,1.01867572152738,0,0.203735144305476,0.713073005069166,1.62988115444381,1.62988115444381,1.62988115444381,23,11,2.34295415951297,1.12054329368012,23,2.34295415951297,0.4375,0.2875,0.1125,0.125,0,0,0.0375,0,0.2875,0,0.2125,0,0,0.0125,0.125,0,0.025,0.0875,0.2,0,0.05,0.2875,0.1375,0.2875,0.407470288610952,0.101867572152738,0.101867572152738,0,0,0,0,0,0,0.407470288610952,0,0,0,0,0,0,0,0.101867572152738,0,0,0,0,4,0,4,0.407470288610952,0,0.407470288610952,0.666666666666667,0.166666666666667,0.166666666666667,0,0,0,0,0,0.666666666666667,0,0,0,0,0,0,0,0.166666666666667,0,0,0.166666666666667,0,0.666666666666667,0,0.666666666666667,"6/16/2011",5,NA,106,123,110,125,120,111,NA,NA,NA,NA,112,103,NA,NA,102,NA,118,NA,18,NA,5,12,16,3,16,481,403,436,413,384,492,445,412,423,464,423,470,446,449,1125258,6,16,2011,3,0,0,5,63,8.14940577221904,11,0.1375,1.12054329368012,18,18
"29",1224018,25,1,1,9,3,0,0,4,9,0,0,0,0,7,0,12,5,0,2,0,7,4,2,0,0,0,4,0,6,1,0,0,1,0,0,1,0,0,NA,0,0,13,39,1,0,1,63.5,9,7,"9",7,2,5,"8.5",42.5,0,175000,248999,0,83,4,NA,NA,NA,NA,2,"2003/6/27",2003,6,27,2,"08/10/2007",4,NA,105,143,128,142,118,127,121,NA,99,132,15,NA,11,15,3,12,NA,473,396,430,369,490,405,419,423,456,441,8,10,2007,2,-17,4,50,-1,49,49,9.266666667,0.971223021547798,2.69784172652166,0.323741007182599,0.107913669060866,0,0,0.107913669060866,0,0.755395683426065,0,1.2949640287304,0.215827338121733,0,0,0.431654676243466,0,0,0,0.539568345304332,0.539568345304332,0.539568345304332,7,4,0.755395683426065,0.431654676243466,9,0.971223021547798,0.230769230769231,0.641025641025641,0.0769230769230769,0.0256410256410256,0,0,0.0256410256410256,0,0.179487179487179,0,0.307692307692308,0.0512820512820513,0,0,0.102564102564103,0,0,0,0.128205128205128,0.179487179487179,0.0512820512820513,0.179487179487179,0.102564102564103,0.230769230769231,0.971223021547798,0.431654676243466,0,0,0,0,0,0,0,0.647482014365198,0,0.431654676243466,0,0,0,0,0,0,0.107913669060866,0.107913669060866,0.107913669060866,0.107913669060866,6,0,6,0.647482014365198,0,0.647482014365198,0.692307692307692,0.307692307692308,0,0,0,0,0,0,0.461538461538462,0,0.307692307692308,0,0,0,0,0,0,0.0769230769230769,0.0769230769230769,0,0.0769230769230769,0.461538461538462,0,0.461538461538462,"2/2/2009",5,NA,101,137,129,136,128,119,NA,NA,NA,NA,125,125,127,139,94,NA,136,NA,26,NA,9,17,24,8,14,480,442,465,442,416,497,467,442,458,469,468,464,449,472,1225018,2,2,2009,-4,-25,-1,6,67,4.20863309337379,4,0.102564102564103,0.431654676243466,18,18
"30",1224020,18,4,0,24,18,0,0,8,1,0,0,0,0,1,4,17,0,0,1,1,19,20,1,0,0,0,3,0,5,0,0,0,1,0,0,0,0,0,NA,0,0,9,64,1,0,1,56,13,7,"13",7,0,0,"0",0,NA,62000,67998,0,82,4,NA,NA,NA,NA,3,"2003/10/5",2003,10,5,2,"04/12/2008",4,NA,128,113,126,120,128,129,130,NA,123,118,12,NA,13,20,1,20,NA,490,365,437,354,497,420,440,377,484,434,4,12,2008,-6,7,5,54,0,54,54,9.133333333,2.62773722637328,1.97080291977996,1.97080291977996,0,0,0,0.437956204395546,0,2.08029197087884,0,1.86131386868107,0.109489051098886,0,0,2.18978102197773,0.109489051098886,0.437956204395546,0,0,0,0,19,20,2.08029197087884,2.18978102197773,20,2.18978102197773,0.375,0.28125,0.28125,0,0,0,0.0625,0,0.296875,0,0.265625,0.015625,0,0,0.3125,0.015625,0.0625,0,0,0.015625,0.015625,0.296875,0.3125,0.3125,0.109489051098886,0.875912408791092,0,0,0,0,0,0,0,0.547445255494432,0,0.328467153296659,0,0,0,0,0,0,0,0.109489051098886,0.109489051098886,0.109489051098886,5,0,5,0.547445255494432,0,0.547445255494432,0.111111111111111,0.888888888888889,0,0,0,0,0,0,0.555555555555556,0,0.333333333333333,0,0,0,0,0,0,0,0.111111111111111,0,0,0.555555555555556,0,0.555555555555556,"6/2/2009",5,NA,121,136,102,131,125,130,6,NA,1,NA,127,94,129,141,114,NA,114,NA,25,NA,6,18,15,10,20,493,443,457,437,412,501,451,447,462,474,474,484,454,453,1225020,6,2,2009,-4,-3,-1,6,67,7.00729927032873,21,0.328125,2.29927007307662,18,18
"31",1224025,20,3,2,24,6,0,0,11,5,0,0,0,0,3,2,6,4,3,1,0,11,17,1,4,2,1,4,1,6,1,0,0,1,2,0,1,0,0,NA,0,0,16,55,1,0,1,66,9,6,"11",7,2,5,"8",40,0,100000,149000,0,94,5,NA,NA,NA,NA,4,"2003/7/22",2003,7,22,2,"04/07/2008",4,NA,114,153,129,141,138,126,127,NA,100,128,21,NA,13,20,9,14,NA,483,434,444,396,501,420,440,471,464,447,4,7,2008,-3,-15,5,57,-1,56,56,8.883333333,2.70168855544847,2.25140712954039,0.675422138862117,0.225140712954039,0,0,0.337711069431059,0,1.23827392124721,0.225140712954039,0.675422138862117,0.11257035647702,0.11257035647702,0.450281425908078,1.91369606010933,0,0.225140712954039,0.337711069431059,0.450281425908078,0.450281425908078,0.450281425908078,13,21,1.46341463420125,2.36397748601741,14,1.57598499067827,0.436363636363636,0.363636363636364,0.109090909090909,0.0363636363636364,0,0,0.0545454545454545,0,0.2,0.0363636363636364,0.109090909090909,0.0181818181818182,0.0181818181818182,0.0727272727272727,0.309090909090909,0,0.0363636363636364,0.0545454545454545,0.0727272727272727,0.0545454545454545,0.0181818181818182,0.236363636363636,0.381818181818182,0.254545454545455,0.562851782385098,1.23827392124721,0,0,0,0,0,0,0,0.675422138862117,0,0.450281425908078,0.11257035647702,0,0,0,0,0,0.11257035647702,0.11257035647702,0.11257035647702,0.11257035647702,6,0,7,0.675422138862117,0,0.787992495339137,0.3125,0.6875,0,0,0,0,0,0,0.375,0,0.25,0.0625,0,0,0,0,0,0.0625,0.0625,0.125,0.0625,0.375,0,0.4375,"4/30/2009",5,NA,119,155,126,141,149,132,8,2,NA,NA,119,130,132,149,110,NA,121,NA,42,NA,6,16,26,18,19,492,483,464,454,473,503,451,437,467,478,493,481,487,461,1225025,4,30,2009,-3,8,0,6,69,6.19136960623607,21,0.381818181818182,2.36397748601741,16,18
"32",1224041,32,0,3,37,12,2,0,1,4,0,0,0,0,0,0,3,5,2,2,0,50,20,1,3,0,0,0,0,5,0,0,0,0,0,0,0,0,0,NA,0,0,5,86,1,0,1,63.5,13,7,"14",7,2,5,"8.5",42.5,0,125000,174998,0,78,4,80,3,NA,NA,4,"2002/4/12",2002,4,12,2,"03/10/2007",4,NA,97,127,115,123,118,117,115,NA,89,114,16,NA,12,18,3,11,NA,473,399,435,374,494,412,432,423,452,438,3,10,2007,-1,-2,5,59,-1,58,58,9.8,3.77551020408163,3.26530612244898,1.22448979591837,0.306122448979592,0.204081632653061,0,0,0,5.10204081632653,0,0.306122448979592,0.204081632653061,0,0.306122448979592,2.04081632653061,0,0,0.204081632653061,0.510204081632653,0.510204081632653,0.510204081632653,50,23,5.10204081632653,2.3469387755102,52,5.30612244897959,0.430232558139535,0.372093023255814,0.13953488372093,0.0348837209302326,0.0232558139534884,0,0,0,0.581395348837209,0,0.0348837209302326,0.0232558139534884,0,0.0348837209302326,0.232558139534884,0,0,0.0232558139534884,0.0581395348837209,0,0.0116279069767442,0.581395348837209,0.267441860465116,0.604651162790698,0.408163265306122,0.102040816326531,0,0,0,0,0,0,0,0.510204081632653,0,0,0,0,0,0,0,0,0,0,0,0,5,0,5,0.510204081632653,0,0.510204081632653,0.8,0.2,0,0,0,0,0,0,1,0,0,0,0,0,0,0,0,0,0,0,0,1,0,1,"3/27/2008",6,5,96,130,115,128,123,107,6,NA,1,128,119,116,152,132,92,NA,115,NA,27,NA,8,17,23,8,14,478,444,456,441,420,493,462,442,453,500,468,464,451,459,1225041,3,27,2008,-1,15,0,6,71,8.77551020408163,23,0.267441860465116,2.3469387755102,18,18
"33",1224052,11,2,4,38,3,5,4,3,9,0,0,1,2,0,0,0,6,3,1,0,17,30,1,9,0,0,2,0,5,5,1,0,1,0,0,1,0,0,NA,0,0,15,67,1,0,1,66,7,7,"6",7,1,5,"9",45,1,80000,89998,0,53,1,84,4,NA,NA,3,"2002/3/11",2002,3,11,2,"02/24/2007",4,NA,100,105,130,115,130,117,133,NA,89,125,13,NA,12,23,0,11,NA,476,361,451,359,499,412,453,364,452,449,2,24,2007,-1,13,5,59,0,59,59,9.983333333,3.80634390663794,1.10183639402677,0.300500834734574,0.400667779646099,0.500834724557624,0.400667779646099,0.20033388982305,0,1.70283806349592,0,0,0.100166944911525,0,0.901502504203723,3.00500834734574,0,0,0.300500834734574,0.601001669469149,0.601001669469149,0.601001669469149,17,39,1.70283806349592,3.90651085154947,18,1.80300500840745,0.567164179104478,0.164179104477612,0.0447761194029851,0.0597014925373134,0.0746268656716418,0.0597014925373134,0.0298507462686567,0,0.253731343283582,0,0,0.0149253731343284,0,0.134328358208955,0.447761194029851,0,0,0.0447761194029851,0.0895522388059701,0,0.0149253731343284,0.253731343283582,0.582089552238806,0.26865671641791,0.901502504203723,0.300500834734574,0.20033388982305,0,0,0,0.100166944911525,0,0,0.500834724557624,0.100166944911525,0.20033388982305,0,0,0,0,0,0,0.500834724557624,0.100166944911525,0.100166944911525,0.100166944911525,6,0,6,0.601001669469149,0,0.601001669469149,0.6,0.2,0.133333333333333,0,0,0,0.0666666666666667,0,0.333333333333333,0.0666666666666667,0.133333333333333,0,0,0,0,0,0,0.333333333333333,0.0666666666666667,0,0.0666666666666667,0.4,0,0.4,"3/9/2008",6,5,108,128,116,122,123,128,6,NA,3,128,104,116,131,127,98,NA,117,NA,27,NA,8,13,23,6,16,486,439,457,434,420,501,462,420,453,483,459,470,454,461,1225052,3,9,2008,0,-2,-1,6,71,6.71118530907216,39,0.582089552238806,3.90651085154947,18,18
"34",1224062,14,11,7,30,8,0,0,2,1,0,0,0,0,0,12,22,6,8,2,0,2,16,2,0,0,0,1,0,2,0,0,0,0,0,0,0,0,0,NA,0,0,3,70,1,0,1,66,10,6,"11",7,0.5,1,"1.5",1.5,1,150000,199998,0,63,2,82,4,NA,NA,4,"2003/11/18",2003,11,18,2,"06/03/2008",4,NA,105,133,113,130,97,105,107,NA,109,120,15,NA,8,13,3,16,NA,476,396,424,369,482,380,411,423,470,437,6,3,2008,-5,-15,5,55,-1,54,54,8.283333333,3.62173038243951,1.69014084513844,0.965794768650535,0.845070422569218,0,0,1.32796780689449,0,0.241448692162634,0,2.65593561378897,0.241448692162634,0,0,1.93158953730107,0,1.4486921529758,0.965794768650535,0.724346076487901,0.724346076487901,0.724346076487901,2,16,0.241448692162634,1.93158953730107,4,0.482897384325268,0.428571428571429,0.2,0.114285714285714,0.1,0,0,0.157142857142857,0,0.0285714285714286,0,0.314285714285714,0.0285714285714286,0,0,0.228571428571429,0,0.171428571428571,0.114285714285714,0.0857142857142857,0,0.0285714285714286,0.0285714285714286,0.228571428571429,0.0571428571428571,0.120724346081317,0.241448692162634,0,0,0,0,0,0,0,0.241448692162634,0,0.120724346081317,0,0,0,0,0,0,0,0,0,0,2,0,2,0.241448692162634,0,0.241448692162634,0.333333333333333,0.666666666666667,0,0,0,0,0,0,0.666666666666667,0,0.333333333333333,0,0,0,0,0,0,0,0,0,0,0.666666666666667,0,0.666666666666667,"10/24/2009",5,NA,110,107,111,109,104,110,NA,NA,NA,NA,109,105,131,109,108,NA,120,NA,16,NA,5,14,20,3,19,487,399,452,415,374,494,445,426,440,483,423,481,446,464,1225062,10,24,2009,-1,6,0,6,71,8.45070422569218,16,0.228571428571429,1.93158953730107,16,18
"35",1224064,28,1,1,20,8,2,0,5,3,0,0,0,0,8,0,4,6,4,0,2,20,15,0,1,0,0,2,0,4,0,0,0,0,1,1,0,0,0,NA,0,0,8,60,1,0,1,61,9,7,"10",7,1,5,"7",35,0,100000,149000,0,81,4,NA,NA,NA,NA,4,"2003/1/15",2003,1,15,2,"08/13/2007",4,NA,98,157,134,151,93,135,132,NA,100,132,24,NA,15,21,7,14,NA,472,436,447,408,480,432,444,464,463,450,8,13,2007,7,-2,4,55,-1,54,54,9.383333333,2.13143872121248,2.98401420969748,0.852575488484994,0.106571936060624,0.213143872121248,0,0.106571936060624,0,2.13143872121248,0,0.426287744242497,0,0,0.106571936060624,1.59857904090936,0.213143872121248,0,0.426287744242497,0.639431616363745,0.639431616363745,0.639431616363745,20,16,2.13143872121248,1.70515097696999,20,2.13143872121248,0.333333333333333,0.466666666666667,0.133333333333333,0.0166666666666667,0.0333333333333333,0,0.0166666666666667,0,0.333333333333333,0,0.0666666666666667,0,0,0.0166666666666667,0.25,0.0333333333333333,0,0.0666666666666667,0.1,0.133333333333333,0,0.333333333333333,0.266666666666667,0.333333333333333,0.319715808181873,0.532859680303121,0,0,0,0,0,0,0,0.426287744242497,0,0.213143872121248,0,0,0,0,0,0.106571936060624,0,0,0,0,4,0,4,0.426287744242497,0,0.426287744242497,0.375,0.625,0,0,0,0,0,0,0.5,0,0.25,0,0,0,0,0,0.125,0,0,0.125,0,0.5,0,0.5,"12/21/2008",5,NA,109,159,129,157,153,117,NA,NA,NA,NA,145,127,153,153,105,NA,134,NA,48,NA,11,27,26,24,18,487,500,471,483,491,497,477,482,467,501,508,477,490,476,1225064,12,21,2008,11,6,0,5,71,6.39431616363745,18,0.3,1.91829484909124,18,18
"36",1224067,31,0,1,36,9,2,0,2,4,0,0,0,0,10,0,9,5,8,1,4,15,25,0,1,1,0,1,0,3,2,0,0,0,0,0,0,0,0,NA,0,0,6,79,1,0,1,61,8,7,"9",7,0.5,3,"9",27,0,75000,99999,0,66,2,92,5,NA,NA,4,"2004/4/2",2004,4,2,2,"01/02/2009",4,NA,102,119,124,121,125,125,125,NA,93,121,14,NA,13,20,2,12,NA,476,381,441,364,496,420,440,398,456,442,1,2,2009,-3,0,5,57,0,57,57,9.583333333,3.7565217392611,3.23478260880817,0.939130434815274,0.104347826090586,0.208695652181172,0,0,0,1.56521739135879,0.104347826090586,0.939130434815274,0.104347826090586,0,0.104347826090586,2.60869565226465,0.417391304362344,0,0.834782608724688,0.52173913045293,0.52173913045293,0.52173913045293,16,26,1.66956521744938,2.71304347835524,17,1.77391304353996,0.455696202531646,0.392405063291139,0.113924050632911,0.0126582278481013,0.0253164556962025,0,0,0,0.189873417721519,0.0126582278481013,0.113924050632911,0.0126582278481013,0,0.0126582278481013,0.316455696202532,0.0506329113924051,0,0.10126582278481,0.0632911392405063,0.126582278481013,0,0.20253164556962,0.329113924050633,0.215189873417722,0.417391304362344,0.208695652181172,0,0,0,0,0,0,0,0.313043478271758,0,0.104347826090586,0,0,0,0,0,0,0.208695652181172,0,0,0,3,0,3,0.313043478271758,0,0.313043478271758,0.666666666666667,0.333333333333333,0,0,0,0,0,0,0.5,0,0.166666666666667,0,0,0,0,0,0,0.333333333333333,0,0,0,0.5,0,0.5,"1/21/2010",5,NA,111,127,126,118,116,136,8,NA,1,NA,110,133,137,134,98,NA,119,NA,22,NA,5,14,27,8,16,488,434,466,424,400,505,445,426,471,485,468,470,446,461,1225067,1,21,2010,-3,19,0,6,69,8.2434782611563,30,0.379746835443038,3.13043478271758,18,18
"37",1224069,6,5,4,37,8,0,0,2,2,0,0,0,0,5,4,2,2,3,8,2,7,23,0,2,0,2,0,0,1,0,1,0,0,2,0,0,0,0,NA,0,0,4,60,1,0,1,61,9,7,"10",7,1,2,"8.5",17,0,125000,174998,0,75,3,NA,NA,NA,NA,4,"2002/9/26",2002,9,26,2,"07/25/2007",4,NA,90,105,110,113,88,94,104,NA,93,117,12,NA,7,14,0,12,NA,467,359,428,354,478,371,415,364,456,440,7,25,2007,-2,-1,5,58,-1,57,57,10.05,3.68159203980099,0.597014925373134,0.796019900497512,0.398009950248756,0,0,0.497512437810945,0,0.696517412935323,0,0.199004975124378,0.796019900497512,0.199004975124378,0.199004975124378,2.28855721393035,0.199004975124378,0.398009950248756,0.298507462686567,0.199004975124378,0.199004975124378,0.199004975124378,7,25,0.696517412935323,2.48756218905473,15,1.49253731343284,0.616666666666667,0.1,0.133333333333333,0.0666666666666667,0,0,0.0833333333333333,0,0.116666666666667,0,0.0333333333333333,0.133333333333333,0.0333333333333333,0.0333333333333333,0.383333333333333,0.0333333333333333,0.0666666666666667,0.05,0.0333333333333333,0.0833333333333333,0,0.116666666666667,0.416666666666667,0.25,0.199004975124378,0.199004975124378,0,0,0,0,0,0,0,0.099502487562189,0.099502487562189,0,0,0,0,0,0,0,0,0,0,0,2,0,2,0.199004975124378,0,0.199004975124378,0.5,0.5,0,0,0,0,0,0,0.25,0.25,0,0,0,0,0,0,0,0,0,0.5,0,0.5,0,0.5,"8/16/2008",5,NA,88,108,109,100,106,85,NA,NA,NA,NA,83,112,126,109,92,NA,106,NA,17,NA,5,8,22,3,14,472,401,449,401,379,481,445,380,449,478,423,464,445,450,1225069,8,16,2008,-1,-10,-1,6,70,5.97014925373134,27,0.45,2.6865671641791,18,18
"38",1224071,41,0,5,20,14,0,0,0,2,0,0,0,0,4,2,7,7,0,1,0,34,18,1,6,0,0,0,0,2,0,0,0,0,0,0,0,0,0,NA,0,2,2,82,1,0,1,63.5,5,7,"27",7,2,5,"5",25,0,200000,299999,0,NA,4,92,5,NA,NA,4,"2003/7/16",2003,7,16,2,"03/28/2008",4,NA,98,133,129,131,90,126,127,NA,103,130,17,NA,13,20,3,15,NA,473,401,444,379,478,420,440,423,467,449,3,28,2008,-4,12,5,56,0,56,56,9.166666667,2.18181818173884,4.47272727256463,1.52727272721719,0.545454545434711,0,0,0,0.218181818173884,3.70909090895603,0,0.763636363608595,0.109090909086942,0,0.654545454521653,1.96363636356496,0,0.218181818173884,0,0.763636363608595,0.763636363608595,0.763636363608595,34,24,3.70909090895603,2.61818181808661,35,3.81818181804298,0.24390243902439,0.5,0.170731707317073,0.0609756097560976,0,0,0,0.024390243902439,0.414634146341463,0,0.0853658536585366,0.0121951219512195,0,0.0731707317073171,0.219512195121951,0,0.024390243902439,0,0.0853658536585366,0.0487804878048781,0.0121951219512195,0.414634146341463,0.292682926829268,0.426829268292683,0.218181818173884,0,0,0,0,0,0,0,0,0.218181818173884,0,0,0,0,0,0,0,0,0,0,0,0,2,0,2,0.218181818173884,0,0.218181818173884,1,0,0,0,0,0,0,0,1,0,0,0,0,0,0,0,0,0,0,0,0,1,0,1,"4/2/2009",5,NA,122,132,116,127,121,108,NA,NA,NA,NA,119,115,126,137,125,NA,119,NA,24,NA,7,16,22,9,23,493,440,454,434,408,492,456,437,449,474,471,494,445,459,1225071,4,2,2009,-3,-14,-1,6,68,8.94545454512926,24,0.292682926829268,2.61818181808661,18,18
"39",1224075,20,0,5,14,9,0,0,8,4,1,0,0,0,3,0,9,6,2,0,0,20,7,0,0,1,0,0,0,9,1,1,1,0,0,1,0,0,0,NA,0,0,13,48,1,0,1,66,5,7,"Divorced",7,1,5,"3",15,0,50000,74999,0,69,3,NA,NA,NA,NA,2,"2003/1/13",2003,1,13,2,"04/01/2008",4,4,97,127,108,123,96,122,109,NA,98,106,16,NA,13,16,3,14,NA,473,399,427,374,483,420,423,423,464,430,4,1,2008,3,-12,5,63,-1,62,62,9.516666667,1.47110332744409,2.10157618206299,0.945709281928346,0.525394045515748,0,0,0,0,2.10157618206299,0.10507880910315,0.945709281928346,0,0,0,0.735551663722047,0,0,0.210157618206299,0.630472854618898,0.630472854618898,0.630472854618898,21,7,2.20665499116614,0.735551663722047,21,2.20665499116614,0.291666666666667,0.416666666666667,0.1875,0.104166666666667,0,0,0,0,0.416666666666667,0.0208333333333333,0.1875,0,0,0,0.145833333333333,0,0,0.0416666666666667,0.125,0.0625,0,0.4375,0.145833333333333,0.4375,0.420315236412598,0.840630472825197,0,0,0.10507880910315,0,0,0,0,0.945709281928346,0.10507880910315,0,0,0,0,0.10507880910315,0,0.10507880910315,0.10507880910315,0,0,0,10,1,10,1.0507880910315,0.10507880910315,1.0507880910315,0.307692307692308,0.615384615384615,0,0,0.0769230769230769,0,0,0,0.692307692307692,0.0769230769230769,0,0,0,0,0.0769230769230769,0,0.0769230769230769,0.0769230769230769,0,0,0,0.769230769230769,0.0769230769230769,0.769230769230769,"12/9/2008",5,NA,107,118,112,119,110,110,4,1,NA,NA,119,112,120,124,105,NA,112,NA,19,NA,7,17,22,5,18,485,420,452,429,388,494,456,442,449,474,452,477,442,456,1225075,12,9,2008,11,-4,-1,5,70,5.04378283695118,7,0.145833333333333,0.735551663722047,18,18
"40",1224082,23,2,5,13,8,0,1,3,7,0,1,0,0,9,0,3,6,0,0,2,17,13,0,1,1,0,1,1,2,2,0,0,3,1,1,0,0,0,NA,0,1,11,53,1,0,1,66,11,7,"12",7,2,5,"8.5",42.5,0,150000,223999,0,67,3,NA,NA,NA,NA,4,"2004/6/24",2004,6,24,2,"12/16/2008",4,NA,103,139,139,141,105,133,133,NA,101,141,19,NA,14,21,3,14,NA,475,405,451,388,486,426,444,423,464,457,12,16,2008,6,-8,4,54,-1,53,53,9.3,1.39784946236559,2.47311827956989,0.860215053763441,0.537634408602151,0,0.10752688172043,0.21505376344086,0.10752688172043,1.82795698924731,0.10752688172043,0.32258064516129,0,0,0.10752688172043,1.39784946236559,0.21505376344086,0,0,0.645161290322581,0.645161290322581,0.645161290322581,18,14,1.93548387096774,1.50537634408602,18,1.93548387096774,0.245283018867925,0.433962264150943,0.150943396226415,0.0943396226415094,0,0.0188679245283019,0.0377358490566038,0.0188679245283019,0.320754716981132,0.0188679245283019,0.0566037735849057,0,0,0.0188679245283019,0.245283018867925,0.0377358490566038,0,0,0.113207547169811,0.169811320754717,0,0.339622641509434,0.264150943396226,0.339622641509434,0.752688172043011,0.32258064516129,0,0.10752688172043,0,0,0,0,0,0.21505376344086,0,0.10752688172043,0.10752688172043,0,0,0,0,0.10752688172043,0.21505376344086,0.32258064516129,0.32258064516129,0.32258064516129,2,0,3,0.21505376344086,0,0.32258064516129,0.636363636363636,0.272727272727273,0,0.0909090909090909,0,0,0,0,0.181818181818182,0,0.0909090909090909,0.0909090909090909,0,0,0,0,0.0909090909090909,0.181818181818182,0.272727272727273,0.0909090909090909,0,0.181818181818182,0,0.272727272727273,"1/9/2010",5,NA,110,151,136,145,145,113,NA,NA,NA,NA,132,127,170,147,108,NA,149,NA,35,NA,6,19,24,12,18,485,464,470,450,449,494,451,451,458,504,480,477,479,483,1225082,1,9,2010,-5,-15,-1,6,66,5.6989247311828,16,0.30188679245283,1.72043010752688,18,18
"41",1224084,16,4,2,28,4,2,0,2,6,0,0,0,0,5,2,7,5,12,12,0,8,3,0,0,2,0,1,0,4,1,0,0,1,0,0,1,0,0,NA,0,0,8,56,1,0,1,63.5,8,7,"11",7,3,5,"8",40,0,150000,199999,0,87,5,NA,NA,NA,NA,4,"2003/11/9",2003,11,9,2,"05/12/2008",4,NA,108,159,119,149,119,142,120,NA,101,116,22,NA,17,17,9,14,NA,478,436,430,400,493,442,427,471,464,433,5,12,2008,-6,3,5,54,0,54,54,9.033333333,3.09963099642434,1.77121771224248,0.44280442806062,0.22140221403031,0.22140221403031,0,0.44280442806062,0,0.88560885612124,0.22140221403031,0.774907749106085,1.32841328418186,0,0,0.332103321045465,0,0.22140221403031,1.32841328418186,0.553505535075775,0.553505535075775,0.553505535075775,10,3,1.10701107015155,0.332103321045465,22,2.43542435433341,0.5,0.285714285714286,0.0714285714285714,0.0357142857142857,0.0357142857142857,0,0.0714285714285714,0,0.142857142857143,0.0357142857142857,0.125,0.214285714285714,0,0,0.0535714285714286,0,0.0357142857142857,0.214285714285714,0.0892857142857143,0.0892857142857143,0,0.178571428571429,0.0535714285714286,0.392857142857143,0.66420664209093,0.22140221403031,0,0,0,0,0,0,0,0.44280442806062,0,0.110701107015155,0,0,0,0,0,0,0.110701107015155,0.110701107015155,0.110701107015155,0.110701107015155,4,0,4,0.44280442806062,0,0.44280442806062,0.75,0.25,0,0,0,0,0,0,0.5,0,0.125,0,0,0,0,0,0,0.125,0.125,0,0.125,0.5,0,0.5,"5/6/2009",5,NA,115,161,130,153,155,125,NA,NA,NA,NA,145,130,167,156,108,NA,130,NA,41,NA,5,24,25,20,18,488,484,464,462,470,499,445,471,462,501,498,477,476,465,1225084,5,6,2009,-6,-3,-1,6,65,6.19926199284868,3,0.0535714285714286,0.332103321045465,18,18
"42",1224092,15,0,1,15,16,2,1,5,6,0,0,0,2,2,0,5,1,0,1,1,16,24,0,0,0,0,3,0,9,1,0,0,0,0,0,0,0,0,NA,0,0,13,50,1,0,1,63.5,15,7,"16",7,1,5,"4",20,0,150000,223999,0,62,2,92,5,NA,NA,3,"2003/12/19",2003,12,19,2,"11/21/2008",4,NA,93,122,124,128,80,122,119,NA,101,129,18,NA,13,19,2,15,NA,470,391,444,384,473,420,436,398,467,453,11,21,2008,-1,2,5,59,0,59,59,8.733333333,1.71755725197395,1.71755725197395,1.83206106877222,0.114503816798264,0.229007633596527,0.114503816798264,0,0,1.83206106877222,0,0.572519083991318,0.114503816798264,0,0,2.74809160315832,0.114503816798264,0,0,0.114503816798264,0.114503816798264,0.114503816798264,16,24,1.83206106877222,2.74809160315832,17,1.94656488557048,0.3,0.3,0.32,0.02,0.04,0.02,0,0,0.32,0,0.1,0.02,0,0,0.48,0.02,0,0,0.02,0.04,0,0.32,0.48,0.34,0.687022900789581,0.572519083991318,0.229007633596527,0,0,0,0,0,0,1.03053435118437,0,0.343511450394791,0,0,0,0,0,0,0.114503816798264,0,0,0,9,0,9,1.03053435118437,0,1.03053435118437,0.461538461538462,0.384615384615385,0.153846153846154,0,0,0,0,0,0.692307692307692,0,0.230769230769231,0,0,0,0,0,0,0.0769230769230769,0,0,0,0.692307692307692,0,0.692307692307692,"12/28/2009",5,NA,100,138,119,137,135,91,NA,NA,NA,NA,122,120,136,132,105,NA,120,NA,35,NA,9,18,24,8,18,481,459,461,454,449,485,467,447,458,488,468,477,479,464,1225092,12,28,2009,0,9,0,6,72,5.72519083991318,25,0.5,2.86259541995659,18,18
"43",1224095,16,1,3,28,3,0,0,2,2,0,0,0,0,1,1,2,3,0,2,0,21,18,0,0,3,0,0,0,3,0,0,0,1,0,0,0,0,0,NA,0,0,4,51,1,0,1,66,17,7,"11",7,2,5,"9.5",47.5,0,175000,248999,0,76,3,NA,NA,NA,NA,4,"2004/6/2",2004,6,2,2,"12/18/2008",4,NA,85,124,104,127,90,127,92,NA,85,122,15,NA,13,9,2,9,NA,461,384,417,369,478,420,393,398,444,440,12,18,2008,6,16,4,54,0,54,54,9.15,3.06010928961749,1.74863387978142,0.327868852459016,0.327868852459016,0,0,0.109289617486339,0,2.29508196721311,0.327868852459016,0.218579234972678,0.218579234972678,0,0,1.9672131147541,0,0.109289617486339,0,0.327868852459016,0.327868852459016,0.327868852459016,24,18,2.62295081967213,1.9672131147541,26,2.84153005464481,0.549019607843137,0.313725490196078,0.0588235294117647,0.0588235294117647,0,0,0.0196078431372549,0,0.411764705882353,0.0588235294117647,0.0392156862745098,0.0392156862745098,0,0,0.352941176470588,0,0.0196078431372549,0,0.0588235294117647,0.0196078431372549,0,0.470588235294118,0.352941176470588,0.509803921568627,0.218579234972678,0.218579234972678,0,0,0,0,0,0,0,0.327868852459016,0,0,0,0,0,0,0,0,0,0.109289617486339,0.109289617486339,0.109289617486339,3,0,3,0.327868852459016,0,0.327868852459016,0.5,0.5,0,0,0,0,0,0,0.75,0,0,0,0,0,0,0,0,0,0.25,0,0,0.75,0,0.75,"11/29/2009",5,NA,96,128,109,136,132,109,NA,NA,NA,NA,132,108,136,117,91,NA,110,NA,27,NA,5,19,19,3,13,476,421,441,439,420,492,445,451,436,474,423,460,451,446,1225095,11,29,2009,5,27,0,5,65,5.57377049180328,18,0.352941176470588,1.9672131147541,18,18
"44",1224097,24,1,4,31,6,1,0,11,7,0,1,0,0,5,0,4,6,4,3,0,23,14,1,5,2,0,2,2,9,0,1,3,2,0,0,1,0,0,NA,0,1,20,68,1,1,1,66,6,6,"7",7,2,5,"8",40,0,20000,24999,0,76,3,NA,NA,NA,NA,4,"2003/6/12",2003,6,12,2,"04/11/2008",4,NA,109,128,128,125,121,127,134,NA,102,117,16,NA,14,23,3,15,NA,481,399,447,374,495,426,453,423,467,440,4,11,2008,-2,-1,5,58,-1,57,57,9.316666667,3.32737030399544,2.57602862244809,0.644007155612021,0.429338103741348,0.107334525935337,0,0.107334525935337,0.107334525935337,2.46869409651275,0.214669051870674,0.429338103741348,0.322003577806011,0,0.536672629676684,1.50268336309472,0,0,0.429338103741348,0.644007155612021,0.644007155612021,0.644007155612021,25,19,2.68336314838342,2.0393559927714,28,3.00536672618943,0.455882352941176,0.352941176470588,0.0882352941176471,0.0588235294117647,0.0147058823529412,0,0.0147058823529412,0.0147058823529412,0.338235294117647,0.0294117647058824,0.0588235294117647,0.0441176470588235,0,0.0735294117647059,0.205882352941176,0,0,0.0588235294117647,0.0882352941176471,0.0735294117647059,0.0147058823529412,0.367647058823529,0.279411764705882,0.411764705882353,0.751341681547358,1.18067978528871,0,0.107334525935337,0,0.107334525935337,0,0,0,0.966010733418032,0.107334525935337,0.214669051870674,0.214669051870674,0,0,0.322003577806011,0,0,0,0.214669051870674,0.214669051870674,0.214669051870674,10,3,12,1.07334525935337,0.322003577806011,1.28801431122404,0.35,0.55,0,0.05,0,0.05,0,0,0.45,0.05,0.1,0.1,0,0,0.15,0,0,0,0.1,0,0.05,0.5,0.15,0.6,"3/19/2009",5,NA,107,134,130,127,121,123,6,NA,1,NA,128,122,132,142,99,NA,140,NA,24,NA,5,19,24,12,16,485,444,468,435,408,500,445,451,458,478,480,470,451,479,1225097,3,19,2009,-3,7,0,6,69,7.29874776360291,19,0.279411764705882,2.0393559927714,16,18
"45",1224105,40,2,0,36,11,8,2,2,3,1,0,0,0,2,3,5,7,1,5,1,33,25,0,15,0,2,0,0,4,0,0,0,0,1,0,1,0,0,NA,0,0,6,99,1,0,1,66,11,7,"12",7,3,5,"6.5",32.5,0,95000,124998,0,82,4,NA,NA,NA,NA,4,"2003/3/19",2003,3,19,2,"02/27/2008",4,NA,107,159,124,155,118,139,129,NA,101,115,31,NA,18,22,10,15,NA,480,454,444,434,494,447,449,474,467,439,2,27,2008,-1,8,5,59,0,59,59,9.166666667,3.92727272712992,4.36363636347769,1.19999999995636,0,0.872727272695537,0.218181818173884,0.218181818173884,0,3.59999999986909,0,0.545454545434711,0.545454545434711,0.218181818173884,1.63636363630413,2.72727272717355,0.109090909086942,0.327272727260826,0.109090909086942,0.763636363608595,0.763636363608595,0.763636363608595,33,40,3.59999999986909,4.36363636347769,38,4.1454545453038,0.363636363636364,0.404040404040404,0.111111111111111,0,0.0808080808080808,0.0202020202020202,0.0202020202020202,0,0.333333333333333,0,0.0505050505050505,0.0505050505050505,0.0202020202020202,0.151515151515152,0.252525252525253,0.0101010101010101,0.0303030303030303,0.0101010101010101,0.0707070707070707,0.0202020202020202,0,0.333333333333333,0.404040404040404,0.383838383838384,0.327272727260826,0.218181818173884,0,0,0.109090909086942,0,0,0,0,0.436363636347769,0,0,0,0,0,0,0,0,0,0,0,0,4,0,4,0.436363636347769,0,0.436363636347769,0.5,0.333333333333333,0,0,0.166666666666667,0,0,0,0.666666666666667,0,0,0,0,0,0,0,0,0,0,0.166666666666667,0.166666666666667,0.666666666666667,0,0.666666666666667,"3/6/2009",6,5,119,147,133,149,140,127,NA,NA,NA,137,145,124,149,145,112,NA,148,NA,38,NA,10,27,25,18,20,493,477,476,471,460,501,472,482,462,499,493,484,485,490,1225105,3,6,2009,0,-13,-1,6,71,10.7999999996073,41,0.414141414141414,4.47272727256463,18,18
"46",1224106,34,1,8,38,12,0,0,17,19,0,0,1,0,3,0,21,9,0,1,1,23,25,5,4,0,1,5,3,25,0,0,0,0,1,0,3,0,0,NA,0,1,37,94,1,0,1,55.5,15,6,"17",6,0.5,4,"1.5",6,0,40000,49998,1,57,2,70,2,83,4,4,"2004/6/15",2004,6,15,2,"10/31/2008",4,NA,97,133,124,128,109,130,121,NA,93,123,14,NA,13,17,3,11,NA,470,393,433,364,487,420,427,423,452,438,10,31,2008,4,16,4,52,0,52,52,10.11666667,3.75617792297984,3.36079077319249,1.18616144936206,0.790774299574704,0,0,0.0988467874468379,0.0988467874468379,2.27347611127727,0,2.0757825363836,0.0988467874468379,0.0988467874468379,0.395387149787352,2.47116968617095,0.0988467874468379,0,0,0.889621087021542,0.889621087021542,0.889621087021542,23,29,2.27347611127727,2.8665568359583,24,2.37232289872411,0.404255319148936,0.361702127659574,0.127659574468085,0.0851063829787234,0,0,0.0106382978723404,0.0106382978723404,0.24468085106383,0,0.223404255319149,0.0106382978723404,0.0106382978723404,0.0425531914893617,0.265957446808511,0.0106382978723404,0,0,0.0957446808510638,0.0319148936170213,0.0531914893617021,0.24468085106383,0.308510638297872,0.25531914893617,1.87808896148992,1.68039538659625,0,0,0,0,0.0988467874468379,0,0,2.47116968617095,0,0.49423393723419,0.296540362340514,0,0,0,0,0,0,0,0,0,25,0,28,2.47116968617095,0,2.76771004851146,0.513513513513513,0.459459459459459,0,0,0,0,0.027027027027027,0,0.675675675675676,0,0.135135135135135,0.0810810810810811,0,0,0,0,0,0,0,0.027027027027027,0.0810810810810811,0.675675675675676,0,0.756756756756757,"9/3/2009",5,NA,110,126,122,115,116,140,NA,NA,NA,NA,112,127,NA,NA,96,NA,115,NA,16,NA,1,12,23,4,14,484,409,450,400,374,505,413,412,453,449,443,464,447,446,1225106,9,3,2009,3,-12,-1,5,62,9.29159802000277,30,0.319148936170213,2.96540362340514,16,16
"47",1224107,22,0,8,28,17,1,0,2,2,0,0,0,0,0,2,6,10,4,0,0,40,10,0,4,0,0,0,0,2,0,0,0,0,0,0,1,1,0,NA,0,0,4,76,1,0,1,59.5,16,6,"17",7,2,5,"5.75",28.75,0,150000,199998,0,74,3,NA,NA,NA,NA,2,"2003/8/21",2003,8,21,2,"06/03/2008",4,NA,89,112,115,107,96,125,115,NA,87,113,9,NA,13,17,2,10,NA,465,369,431,340,482,420,427,398,448,434,6,3,2008,-2,-18,5,58,-1,57,57,8.433333333,3.32015810289803,2.60869565227702,2.01581027675952,0.948616600828009,0.118577075103501,0,0,0,4.74308300414004,0,0.711462450621006,0,0,0.474308300414004,1.18577075103501,0,0.237154150207002,0.474308300414004,1.18577075103501,1.18577075103501,1.18577075103501,40,14,4.74308300414004,1.66007905144901,40,4.74308300414004,0.368421052631579,0.289473684210526,0.223684210526316,0.105263157894737,0.0131578947368421,0,0,0,0.526315789473684,0,0.0789473684210526,0,0,0.0526315789473684,0.131578947368421,0,0.0263157894736842,0.0526315789473684,0.131578947368421,0,0,0.526315789473684,0.184210526315789,0.526315789473684,0.237154150207002,0.237154150207002,0,0,0,0,0,0,0,0.237154150207002,0,0,0,0.118577075103501,0,0,0,0,0,0,0,0,2,0,2,0.237154150207002,0,0.237154150207002,0.5,0.5,0,0,0,0,0,0,0.5,0,0,0,0.25,0,0,0,0,0,0,0,0.25,0.5,0,0.5,"7/20/2009",5,NA,97,123,120,118,111,112,NA,NA,NA,NA,113,116,120,132,92,NA,127,NA,20,NA,7,15,23,8,14,479,430,461,427,392,495,456,432,453,474,468,464,442,470,1225107,7,20,2009,-1,-1,-1,6,70,9.01185770786608,14,0.184210526315789,1.66007905144901,16,18
"48",1224113,37,0,10,37,8,1,1,5,3,0,1,0,0,10,0,19,11,5,1,0,18,25,1,4,0,0,1,0,7,0,0,0,1,0,0,0,0,0,NA,1,0,10,94,1,0,1,62,29,6,"39",7,2,4,"5.5",22,0,100000,149000,0,94,5,90,5,NA,NA,4,"2003/6/16",2003,6,16,2,"06/13/2008",4,4,98,121,102,112,87,122,102,NA,105,101,12,NA,13,14,3,16,NA,474,388,421,354,478,420,415,423,470,426,6,13,2008,0,-3,5,60,-1,59,59,9.183333333,4.02903811266893,4.02903811266893,0.871143375712201,1.08892921964025,0.108892921964025,0.108892921964025,0,0,1.96007259535245,0,2.06896551731648,0.108892921964025,0,0.435571687856101,2.72232304910063,0,0,0.544464609820126,1.19782214160428,1.19782214160428,1.19782214160428,18,29,1.96007259535245,3.15789473695673,19,2.06896551731648,0.393617021276596,0.393617021276596,0.0851063829787234,0.106382978723404,0.0106382978723404,0.0106382978723404,0,0,0.191489361702128,0,0.202127659574468,0.0106382978723404,0,0.0425531914893617,0.265957446808511,0,0,0.0531914893617021,0.117021276595745,0.106382978723404,0.0106382978723404,0.191489361702128,0.308510638297872,0.202127659574468,0.326678765892075,0.544464609820126,0,0.108892921964025,0,0,0,0.108892921964025,0,0.762250453748176,0,0.108892921964025,0,0,0,0,0,0,0,0.108892921964025,0.108892921964025,0.108892921964025,7,0,7,0.762250453748176,0,0.762250453748176,0.3,0.5,0,0.1,0,0,0,0.1,0.7,0,0.1,0,0,0,0,0,0,0,0.1,0,0,0.7,0,0.7,"3/29/2009",5,NA,105,134,111,125,125,118,NA,NA,NA,NA,125,111,148,137,99,NA,111,NA,26,NA,3,18,21,9,16,484,444,448,431,416,497,430,447,444,493,471,470,446,452,1225113,3,29,2009,-3,13,0,6,69,10.2359346646184,29,0.308510638297872,3.15789473695673,16,18
"49",1224115,48,1,4,27,9,3,0,1,6,0,0,0,0,6,1,24,7,0,2,0,28,17,2,3,0,2,0,2,4,0,0,0,0,0,0,1,0,0,NA,0,0,7,92,1,0,1,66,12,7,"17",7,2,4,"7.5",30,0,100000,149000,0,50,1,70,2,82,4,4,"2004/6/18",2004,6,18,2,"03/18/2009",4,NA,96,100,107,105,96,106,105,NA,96,110,8,NA,9,14,0,13,NA,471,350,423,336,382,389,415,364,460,431,3,18,2009,-3,0,5,57,0,57,57,9.95,2.71356783919598,4.82412060301508,0.904522613065327,0.402010050251256,0.301507537688442,0,0.100502512562814,0,2.81407035175879,0,2.41206030150754,0.201005025125628,0.201005025125628,0.301507537688442,1.70854271356784,0,0.100502512562814,0,0.703517587939699,0.703517587939699,0.703517587939699,28,20,2.81407035175879,2.01005025125628,30,3.01507537688442,0.293478260869565,0.521739130434783,0.0978260869565217,0.0434782608695652,0.0326086956521739,0,0.0108695652173913,0,0.304347826086957,0,0.260869565217391,0.0217391304347826,0.0217391304347826,0.0326086956521739,0.184782608695652,0,0.0108695652173913,0,0.0760869565217391,0.0652173913043478,0.0217391304347826,0.304347826086957,0.217391304347826,0.326086956521739,0.603015075376884,0.100502512562814,0,0,0,0,0,0,0,0.402010050251256,0,0,0.201005025125628,0,0,0,0,0,0,0,0,0,4,0,6,0.402010050251256,0,0.603015075376884,0.857142857142857,0.142857142857143,0,0,0,0,0,0,0.571428571428571,0,0,0.285714285714286,0,0,0,0,0,0,0,0,0.142857142857143,0.571428571428571,0,0.857142857142857,"9/2/2009",5,NA,91,93,99,108,96,87,4,NA,1,NA,106,98,NA,NA,94,NA,102,NA,6,NA,2,10,13,0,13,470,345,420,382,326,480,422,397,411,428,364,460,439,429,1225115,9,2,2009,3,-16,-1,5,62,9.2462311557789,20,0.217391304347826,2.01005025125628,18,18
"50",1224131,18,0,5,16,8,1,0,3,3,0,0,0,0,5,1,7,6,0,0,2,12,15,0,0,0,0,0,0,6,0,0,0,0,0,0,0,0,0,NA,0,0,6,48,1,0,1,66,9,7,"9",7,3,5,"9.5",47.5,0,150000,223999,0,31,1,56,1,70,3,4,"2004/10/4",2004,10,4,2,"08/03/2009",4,NA,81,113,120,122,96,114,124,NA,75,114,15,NA,11,20,1,7,NA,459,373,438,369,483,405,440,377,435,436,8,3,2009,-2,-1,5,58,-1,57,57,9.416666667,1.69911504418764,1.9115044247111,0.849557522093821,0.530973451308638,0.106194690261728,0,0,0,1.27433628314073,0,0.743362831832093,0,0,0,1.59292035392591,0.212389380523455,0.106194690261728,0,0.637168141570366,0.637168141570366,0.637168141570366,12,15,1.27433628314073,1.59292035392591,12,1.27433628314073,0.333333333333333,0.375,0.166666666666667,0.104166666666667,0.0208333333333333,0,0,0,0.25,0,0.145833333333333,0,0,0,0.3125,0.0416666666666667,0.0208333333333333,0,0.125,0.104166666666667,0,0.25,0.3125,0.25,0.318584070785183,0.318584070785183,0,0,0,0,0,0,0,0.637168141570366,0,0,0,0,0,0,0,0,0,0,0,0,6,0,6,0.637168141570366,0,0.637168141570366,0.5,0.5,0,0,0,0,0,0,1,0,0,0,0,0,0,0,0,0,0,0,0,1,0,1,"8/23/2010",5,NA,90,108,108,107,106,113,2,NA,2,NA,104,108,108,109,83,NA,108,NA,17,NA,4,13,21,3,11,474,401,448,412,379,495,438,420,444,464,423,452,446,452,1225131,8,23,2010,-2,19,0,6,70,5.09734513256293,17,0.354166666666667,1.80530973444937,18,18
"51",1224138,28,0,7,14,9,1,0,3,5,0,0,0,1,1,0,10,8,1,1,0,24,9,0,1,0,4,2,1,4,0,0,0,2,0,0,0,0,0,NA,0,2,9,61,1,0,1,66,9,7,"8",7,3,5,"8.5",42.5,0,75000,79998,0,64,2,92,5,NA,NA,4,"2004/3/2",2004,3,2,2,"03/05/2009",5,4,92,131,120,120,77,122,133,NA,101,123,19,NA,13,23,3,15,NA,469,405,450,388,472,420,453,423,467,447,3,5,2009,0,3,5,60,0,60,60,9.833333333,1.42372881360758,2.84745762721517,0.915254237319161,0.711864406803792,0.101694915257685,0,0,0.203389830515369,2.44067796618443,0,1.01694915257685,0.101694915257685,0.406779661030738,0.101694915257685,0.915254237319161,0,0,0.101694915257685,0.813559322061477,0.813559322061477,0.813559322061477,24,10,2.44067796618443,1.01694915257685,25,2.54237288144211,0.229508196721311,0.459016393442623,0.147540983606557,0.114754098360656,0.0163934426229508,0,0,0.0327868852459016,0.39344262295082,0,0.163934426229508,0.0163934426229508,0.0655737704918033,0.0163934426229508,0.147540983606557,0,0,0.0163934426229508,0.131147540983607,0.0163934426229508,0,0.39344262295082,0.163934426229508,0.409836065573771,0.508474576288423,0.305084745773054,0.101694915257685,0,0,0,0,0,0,0.406779661030738,0,0.203389830515369,0.101694915257685,0,0,0,0,0,0,0.203389830515369,0.203389830515369,0.203389830515369,4,0,5,0.406779661030738,0,0.508474576288423,0.555555555555556,0.333333333333333,0.111111111111111,0,0,0,0,0,0.444444444444444,0,0.222222222222222,0.111111111111111,0,0,0,0,0,0,0.222222222222222,0,0,0.444444444444444,0,0.555555555555556,"2/20/2010",6,5,99,140,133,138,137,88,NA,NA,NA,113,136,131,139,135,105,NA,138,NA,36,NA,5,23,27,10,18,480,464,476,455,453,483,445,468,471,490,474,477,473,480,1225138,2,20,2010,-1,18,0,6,71,6.20338983071876,10,0.163934426229508,1.01694915257685,18,18
"52",1224163,37,4,6,29,11,0,0,1,18,0,1,0,0,7,3,8,8,6,3,3,21,21,3,1,2,1,0,0,15,2,0,0,1,0,1,1,0,0,NA,0,1,20,88,1,0,1,63.5,10,7,"11",7,1,5,"9",45,1,200000,298000,0,77,4,NA,NA,NA,NA,3,"2004/6/26",2004,6,26,2,"11/18/2008",4,NA,101,152,148,141,116,134,138,NA,96,153,18,NA,14,22,6,12,NA,473,421,458,384,491,426,449,459,456,467,11,18,2008,5,-8,4,53,-1,52,52,10.28333333,2.82009724564671,3.59805510651477,1.06969205869358,0.583468395651043,0,0,0.388978930434029,0.0972447326085072,2.04213938477865,0.194489465217014,0.777957860868058,0.291734197825522,0.0972447326085072,0.0972447326085072,2.04213938477865,0.291734197825522,0.291734197825522,0.583468395651043,0.777957860868058,0.777957860868058,0.777957860868058,23,22,2.23662884999567,2.13938411738716,26,2.52836304782119,0.329545454545455,0.420454545454545,0.125,0.0681818181818182,0,0,0.0454545454545455,0.0113636363636364,0.238636363636364,0.0227272727272727,0.0909090909090909,0.0340909090909091,0.0113636363636364,0.0113636363636364,0.238636363636364,0.0340909090909091,0.0340909090909091,0.0681818181818182,0.0909090909090909,0.0795454545454545,0.0340909090909091,0.261363636363636,0.25,0.295454545454545,1.75040518695313,0.0972447326085072,0,0.0972447326085072,0,0,0,0,0,1.45867098912761,0,0,0,0,0,0,0,0.0972447326085072,0.194489465217014,0.0972447326085072,0.0972447326085072,0.0972447326085072,15,0,15,1.45867098912761,0,1.45867098912761,0.9,0.05,0,0.05,0,0,0,0,0.75,0,0,0,0,0,0,0,0.05,0.1,0.05,0,0.05,0.75,0,0.75,"1/22/2010",5,NA,113,149,139,155,146,130,NA,NA,NA,NA,148,133,160,142,103,NA,148,NA,37,NA,10,26,26,10,17,488,465,475,469,457,501,472,478,467,498,474,474,487,483,1225163,1,22,2010,-5,-4,-1,6,66,8.55753646954864,25,0.284090909090909,2.43111831521268,18,18
"53",1224186,41,5,5,33,14,2,0,4,6,0,0,0,0,2,4,12,5,1,5,1,21,40,0,8,1,0,0,2,3,0,3,0,1,0,0,1,0,0,NA,0,2,10,102,1,0,1,63.5,14,7,"15",7,2,5,"9.5",47.5,0,250000,348999,0,85,4,NA,NA,NA,NA,3,"2005/1/25",2005,1,25,2,"08/10/2009",4,NA,114,125,122,130,136,124,126,NA,101,114,15,NA,12,19,2,14,NA,482,384,433,369,500,412,436,398,464,431,8,10,2009,7,-15,4,55,-1,54,54,9.55,3.45549738219895,4.29319371727749,1.46596858638743,0.523560209424084,0.209424083769633,0,0.523560209424084,0.209424083769633,2.19895287958115,0.104712041884817,1.2565445026178,0.523560209424084,0,0.837696335078534,4.18848167539267,0.104712041884817,0.418848167539267,0.104712041884817,0.523560209424084,0.523560209424084,0.523560209424084,22,48,2.30366492146597,5.0261780104712,27,2.82722513089005,0.323529411764706,0.401960784313726,0.137254901960784,0.0490196078431373,0.0196078431372549,0,0.0490196078431373,0.0196078431372549,0.205882352941176,0.00980392156862745,0.117647058823529,0.0490196078431373,0,0.0784313725490196,0.392156862745098,0.00980392156862745,0.0392156862745098,0.00980392156862745,0.0490196078431373,0.0196078431372549,0,0.215686274509804,0.470588235294118,0.264705882352941,0.628272251308901,0.418848167539267,0,0,0,0,0,0,0,0.31413612565445,0.31413612565445,0,0.209424083769633,0,0,0,0,0,0,0.104712041884817,0.104712041884817,0.104712041884817,6,0,8,0.628272251308901,0,0.837696335078534,0.6,0.4,0,0,0,0,0,0,0.3,0.3,0,0.2,0,0,0,0,0,0,0.1,0,0.1,0.6,0,0.8,"8/9/2010",5,NA,116,125,134,127,114,127,NA,NA,NA,NA,120,123,131,132,108,NA,149,NA,17,NA,9,15,23,5,18,488,416,468,426,379,500,467,432,453,469,452,477,446,483,1225186,8,9,2010,7,-16,-1,5,66,10.6806282722513,49,0.480392156862745,5.13089005235602,18,18
"54",1224204,48,0,8,25,15,1,0,0,1,0,0,0,0,4,1,14,9,2,1,1,59,4,1,1,0,0,0,0,0,0,0,0,1,0,0,0,0,0,NA,0,0,1,97,1,0,1,66,12,7,"12",7,1,5,"8",40,0,150000,199998,0,92,5,NA,NA,NA,NA,4,"2004/10/15",2004,10,15,2,"07/06/2009",4,NA,116,110,124,115,130,120,122,NA,106,125,12,NA,12,19,1,16,NA,484,365,441,354,498,412,436,377,470,446,7,6,2009,-3,-9,5,57,-1,56,56,9.583333333,2.60869565226465,5.00869565234813,1.56521739135879,0.834782608724688,0.104347826090586,0,0,0,6.15652173934457,0,1.4608695652682,0.104347826090586,0,0.104347826090586,0.417391304362344,0.104347826090586,0.104347826090586,0.208695652181172,0.939130434815274,0.939130434815274,0.939130434815274,59,5,6.15652173934457,0.52173913045293,60,6.26086956543516,0.257731958762887,0.494845360824742,0.154639175257732,0.0824742268041237,0.0103092783505155,0,0,0,0.608247422680412,0,0.144329896907216,0.0103092783505155,0,0.0103092783505155,0.0412371134020619,0.0103092783505155,0.0103092783505155,0.0206185567010309,0.0927835051546392,0.0412371134020619,0.0103092783505155,0.608247422680412,0.0515463917525773,0.618556701030928,0.104347826090586,0,0,0,0,0,0,0,0,0,0,0,0,0,0,0,0,0,0,0.104347826090586,0.104347826090586,0.104347826090586,0,0,0,0,0,0,1,0,0,0,0,0,0,0,0,0,0,0,0,0,0,0,0,0,1,0,0,0,0,0,"7/10/2010",5,NA,115,123,125,115,113,121,9,NA,2,NA,108,122,126,131,110,NA,131,NA,19,NA,5,13,24,6,19,490,423,464,417,388,499,445,420,458,474,459,481,452,470,1225204,7,10,2010,-3,-5,-1,6,68,10.1217391307868,6,0.0618556701030928,0.626086956543516,18,18
"55",1224210,40,3,2,42,21,1,0,5,6,0,0,0,0,4,3,18,1,2,1,5,35,33,1,1,5,0,2,0,8,1,0,0,0,0,0,0,0,0,NA,1,0,12,109,1,0,1,63.5,10,4,"10",5,0.5,5,"9",45,1,125000,174998,0,88,5,NA,NA,NA,NA,3,"2004/10/30",2004,10,30,2,"11/07/2009",5,4,108,128,129,125,120,122,122,100,101,135,17,NA,13,20,3,15,NA,481,401,449,379,495,420,440,423,467,459,11,7,2009,1,-23,5,61,-1,60,60,9.5,4.42105263157895,4.21052631578947,2.21052631578947,0.210526315789474,0.105263157894737,0,0.315789473684211,0,3.68421052631579,0.526315789473684,1.89473684210526,0.105263157894737,0,0.105263157894737,3.47368421052632,0.526315789473684,0.315789473684211,0.210526315789474,0.105263157894737,0.105263157894737,0.105263157894737,40,34,4.21052631578947,3.57894736842105,41,4.31578947368421,0.385321100917431,0.36697247706422,0.192660550458716,0.018348623853211,0.00917431192660551,0,0.0275229357798165,0,0.321100917431193,0.0458715596330275,0.165137614678899,0.00917431192660551,0,0.00917431192660551,0.302752293577982,0.0458715596330275,0.0275229357798165,0.018348623853211,0.00917431192660551,0.036697247706422,0.00917431192660551,0.36697247706422,0.311926605504587,0.376146788990826,0.631578947368421,0.526315789473684,0,0,0,0,0,0.105263157894737,0,0.842105263157895,0,0.210526315789474,0,0,0,0,0,0,0.105263157894737,0,0,0,8,0,8,0.842105263157895,0,0.842105263157895,0.5,0.416666666666667,0,0,0,0,0,0.0833333333333333,0.666666666666667,0,0.166666666666667,0,0,0,0,0,0,0.0833333333333333,0,0,0,0.666666666666667,0,0.666666666666667,"8/25/2010",5,NA,113,120,120,125,115,134,8,NA,1,NA,114,117,134,121,101,NA,124,NA,21,NA,11,15,23,4,17,489,420,459,435,396,505,477,432,453,483,443,474,453,466,1225210,8,25,2010,-2,-5,-1,6,69,11.4736842105263,39,0.357798165137615,4.10526315789474,12,14
